Workbook
Name clave: [1]Recursos!$AD$2
Name claveN: [1]Recursos!$AD$3
Name CoefUTCD: [1]UTC!$AA$3
Name flag01: INDIRECT([1]Dieciseisavos!$E$8)
Name flag02: INDIRECT([1]Dieciseisavos!$E$12)
Name flag03: INDIRECT([1]Dieciseisavos!$E$16)
Name flag04: INDIRECT([1]Dieciseisavos!$E$20)
Name flag05: INDIRECT([1]Dieciseisavos!$E$24)
Name flag06: INDIRECT([1]Dieciseisavos!$E$28)
Name flag07: INDIRECT([1]Dieciseisavos!$E$32)
Name flag08: INDIRECT([1]Dieciseisavos!$E$36)
Name flag09: INDIRECT([1]Dieciseisavos!$E$40)
Name flag10: INDIRECT([1]Dieciseisavos!$E$44)
Name flag11: INDIRECT([1]Dieciseisavos!$E$48)
Name flag12: INDIRECT([1]Dieciseisavos!$E$52)
Name flag13: INDIRECT([1]Dieciseisavos!$E$56)
Name flag14: INDIRECT([1]Dieciseisavos!$E$60)
Name flag15: INDIRECT([1]Dieciseisavos!$E$64)
Name flag16: INDIRECT([1]Dieciseisavos!$E$68)
Name flag17: INDIRECT([1]Dieciseisavos!$O$8)
Name flag18: INDIRECT([1]Dieciseisavos!$O$12)
Name flag19: INDIRECT([1]Dieciseisavos!$O$16)
Name flag20: INDIRECT([1]Dieciseisavos!$O$20)
Name flag21: INDIRECT([1]Dieciseisavos!$O$24)
Name flag22: INDIRECT([1]Dieciseisavos!$O$28)
Name flag23: INDIRECT([1]Dieciseisavos!$O$32)
Name flag24: INDIRECT([1]Dieciseisavos!$O$36)
Name flag25: INDIRECT([1]Dieciseisavos!$O$40)
Name flag26: INDIRECT([1]Dieciseisavos!$O$44)
Name flag27: INDIRECT([1]Dieciseisavos!$O$48)
Name flag28: INDIRECT([1]Dieciseisavos!$O$52)
Name flag29: INDIRECT([1]Dieciseisavos!$O$56)
Name flag30: INDIRECT([1]Dieciseisavos!$O$60)
Name flag31: INDIRECT([1]Dieciseisavos!$O$64)
Name flag32: INDIRECT([1]Dieciseisavos!$O$68)
Name flag33: INDIRECT([1]Octavos!$E$8)
Name flag34: INDIRECT([1]Octavos!$E$12)
Name flag35: INDIRECT([1]Octavos!$E$16)
Name flag36: INDIRECT([1]Octavos!$E$20)
Name flag37: INDIRECT([1]Octavos!$E$24)
Name flag38: INDIRECT([1]Octavos!$E$28)
Name flag39: INDIRECT([1]Octavos!$E$32)
Name flag40: INDIRECT([1]Octavos!$E$36)
Name flag41: INDIRECT([1]Octavos!$O$8)
Name flag42: INDIRECT([1]Octavos!$O$12)
Name flag43: INDIRECT([1]Octavos!$O$16)
Name flag44: INDIRECT([1]Octavos!$O$20)
Name flag45: INDIRECT([1]Octavos!$O$24)
Name flag46: INDIRECT([1]Octavos!$O$28)
Name flag47: INDIRECT([1]Octavos!$O$32)
Name flag48: INDIRECT([1]Octavos!$O$36)
Name flag49: INDIRECT([1]Cuartos!$E$8)
Name flag50: INDIRECT([1]Cuartos!$E$12)
Name flag51: INDIRECT([1]Cuartos!$E$16)
Name flag52: INDIRECT([1]Cuartos!$E$20)
Name flag53: INDIRECT([1]Cuartos!$O$8)
Name flag54: INDIRECT([1]Cuartos!$O$12)
Name flag55: INDIRECT([1]Cuartos!$O$16)
Name flag56: INDIRECT([1]Cuartos!$O$20)
Name flag57: INDIRECT([1]Semifinales!$E$8)

Sheet Polla - Grupos
A2: POLLA MUNDIALISTA 2026
A3: PRIMERA FASE - GRUPOS
A5: GRUPO A: MEXICO, SUDAFRICA, COREA DEL SUR, REPUBLICA CHECA
D7: 1 | E7: 2 | F7: 3 | G7: 4 | H7: 5 | I7: 6 | J7: 7 | K7: 8 | L7: 9 | M7: 10 | N7: 11 | O7: 12 | P7: 13 | Q7: 14 | R7: 15 | S7: 16 | T7: 17 | U7: 18 | V7: 19 | W7: 20 | X7: 21 | Y7: 22 | Z7: 23 | AA7: 24 | AB7: 25 | AC7: 26 | AD7: 27 | AE7: 28 | AF7: 29 | AG7: 30 | AH7: 31 | AI7: 32 | AJ7: 33 | AK7: 34 | AL7: 35 | AM7: 36 | AN7: 37 | AO7: 38 | AP7: 39 | AQ7: 40 | AR7: 41 | AS7: 42 | AT7: 43 | AU7: 44 | AV7: 45 | AW7: 46 | AX7: 47 | AY7: 48 | AZ7: 49 | BA7: 50 | BB7: 51 | BC7: 52 | BD7: 53 | BE7: 54 | BF7: 55 | BG7: 56 | BH7: 57 | BI7: 58 | BJ7: 59
B8: EQUIPO | C8: MARCADOR | D8: Julian Uribe | E8: Yulian Sanchez | F8: Francisco Moreno | G8: Mauricio Guerrero | H8: Gustavo Guerrero | I8: Gerardo Martinez | J8: Nora Perez | K8: Laura Rodriguez | L8: Jhoana Moreno | M8: Yoselin Salinas | N8: Luis Diaz | O8: Diela del Carmen | P8: Paola Agredo | Q8: Oscar Suarez | R8: Paulo Figueroa | S8: Jean Piere | T8: David Diaz | U8: Christian Giraldo | V8: Viviana Hurtado | W8: James Chavez Ocampo | X8: Luis Felipe Sanchez | Y8: Laura Ossa | Z8: Elizabeth Montealegre | AA8: Liliana Montealegre | AB8: Javier Andres Gomez | AC8: Diana Carolina Marin | AD8: Diego Fernando Saavedra | AE8: Oscar Mayor | AF8: Ingrid Toro | AG8: Ana Marcela Castro | AH8: Ricardo Gutierrez | AI8: Natalia Navarro | AJ8: Diana Perez | AK8: Sergio Diaz | AL8: William Oviedo | AM8: Armando Orjuela | AN8: Helen Muñoz | AO8: Julieth Cruz - Luiz Diaz | AP8: Jose Luis Montoya | AQ8: Julian Useche | AR8: Sebastian Posada | AS8: Juan Cifuentes | AT8: Rodrigo Dominguez | AU8: Carlos Calero | AV8: Lewhis Spirth Montaño | AW8: Sebastian Castro Luna | AX8: Francia Orozco | AY8: Fredy Rojas | AZ8: John Quiñonez | BA8: Yuli Guzman | BB8: Luis Alfredo Plaza | BC8: Naty Bermudez | BD8: Edgar Ivan Giraldo Duran | BE8: Caterine Filigrana | BF8: Adriana Belalcazar | BG8: Angelisa Hurtado | BH8: Isabela Muñoz | BI8: Francisco Moreno Alvarez | BJ8: Angelica Maria Panesso
A9: 1 | B9: MEXICO | D9: 3 | E9: 3 | F9: 2 | G9: 3 | H9: 2 | I9: 3 | J9: 2 | K9: 3 | L9: 2 | M9: 3 | N9: 2 | O9: 2 | P9: 3 | Q9: 2 | R9: 2 | S9: 2 | T9: 2 | U9: 2 | V9: 2 | W9: 1 | X9: 1 | Y9: 2 | Z9: 2 | AA9: 2 | AB9: 2 | AC9: 2 | AD9: 3 | AE9: 2 | AF9: 2 | AG9: 2 | AH9: 2 | AI9: 3 | AJ9: 3 | AK9: 2 | AL9: 2 | AM9: 1 | AN9: 2 | AO9: 3 | AP9: 2 | AQ9: 2 | AR9: 2 | AS9: 0 | AT9: 1 | AU9: 1 | AV9: 2 | AW9: 2 | AX9: 2 | AY9: 2 | AZ9: 2 | BA9: 1 | BB9: 1 | BC9: 2 | BD9: 2 | BE9: 2 | BF9: 2 | BG9: 2 | BH9: 2 | BI9: 2 | BJ9: 1
B10: SUDAFRICA | D10: 1 | E10: 2 | F10: 1 | G10: 0 | H10: 1 | I10: 1 | J10: 1 | K10: 0 | L10: 0 | M10: 1 | N10: 0 | O10: 0 | P10: 1 | Q10: 0 | R10: 0 | S10: 0 | T10: 0 | U10: 0 | V10: 1 | W10: 0 | X10: 1 | Y10: 0 | Z10: 1 | AA10: 1 | AB10: 0 | AC10: 1 | AD10: 1 | AE10: 1 | AF10: 0 | AG10: 0 | AH10: 0 | AI10: 2 | AJ10: 1 | AK10: 1 | AL10: 0 | AM10: 1 | AN10: 0 | AO10: 1 | AP10: 0 | AQ10: 1 | AR10: 1 | AS10: 2 | AT10: 0 | AU10: 0 | AV10: 1 | AW10: 0 | AX10: 1 | AY10: 0 | AZ10: 0 | BA10: 0 | BB10: 2 | BC10: 0 | BD10: 0 | BE10: 1 | BF10: 1 | BG10: 1 | BH10: 1 | BI10: 1 | BJ10: 0
B11: 46184 | C11: PUNTOS | D11: =IF($C9="",0,IF(AND(D9=$C9,D10=$C10),5,IF(OR(AND(D9-D10>0,$C9-$C10>0),AND(D10-D9>0,$C10-$C9>0),AND(D9-D10=0,$C9-$C10=0)),2,0)+IF(OR(D9=$C9,D10=$C10),1,0))) -> 0 | E11: =IF($C9="",0,IF(AND(E9=$C9,E10=$C10),5,IF(OR(AND(E9-E10>0,$C9-$C10>0),AND(E10-E9>0,$C10-$C9>0),AND(E9-E10=0,$C9-$C10=0)),2,0)+IF(OR(E9=$C9,E10=$C10),1,0))) -> 0 | F11: =IF($C9="",0,IF(AND(F9=$C9,F10=$C10),5,IF(OR(AND(F9-F10>0,$C9-$C10>0),AND(F10-F9>0,$C10-$C9>0),AND(F9-F10=0,$C9-$C10=0)),2,0)+IF(OR(F9=$C9,F10=$C10),1,0))) -> 0 | G11: =IF($C9="",0,IF(AND(G9=$C9,G10=$C10),5,IF(OR(AND(G9-G10>0,$C9-$C10>0),AND(G10-G9>0,$C10-$C9>0),AND(G9-G10=0,$C9-$C10=0)),2,0)+IF(OR(G9=$C9,G10=$C10),1,0))) -> 0 | H11: =IF($C9="",0,IF(AND(H9=$C9,H10=$C10),5,IF(OR(AND(H9-H10>0,$C9-$C10>0),AND(H10-H9>0,$C10-$C9>0),AND(H9-H10=0,$C9-$C10=0)),2,0)+IF(OR(H9=$C9,H10=$C10),1,0))) -> 0 | I11: =IF($C9="",0,IF(AND(I9=$C9,I10=$C10),5,IF(OR(AND(I9-I10>0,$C9-$C10>0),AND(I10-I9>0,$C10-$C9>0),AND(I9-I10=0,$C9-$C10=0)),2,0)+IF(OR(I9=$C9,I10=$C10),1,0))) -> 0 | J11: =IF($C9="",0,IF(AND(J9=$C9,J10=$C10),5,IF(OR(AND(J9-J10>0,$C9-$C10>0),AND(J10-J9>0,$C10-$C9>0),AND(J9-J10=0,$C9-$C10=0)),2,0)+IF(OR(J9=$C9,J10=$C10),1,0))) -> 0 | K11: =IF($C9="",0,IF(AND(K9=$C9,K10=$C10),5,IF(OR(AND(K9-K10>0,$C9-$C10>0),AND(K10-K9>0,$C10-$C9>0),AND(K9-K10=0,$C9-$C10=0)),2,0)+IF(OR(K9=$C9,K10=$C10),1,0))) -> 0 | ... BJ11: =IF($C9="",0,IF(AND(BJ9=$C9,BJ10=$C10),5,IF(OR(AND(BJ9-BJ10>0,$C9-$C10>0),AND(BJ10-BJ9>0,$C10-$C9>0),AND(BJ9-BJ10=0,$C9-$C10=0)),2,0)+IF(OR(BJ9=$C9,BJ10=$C10),1,0))) -> 0
B12: 0.58333333
A14: 2 | B14: COREA DEL SUR | D14: 1 | E14: 2 | F14: 3 | G14: 2 | H14: 1 | I14: 1 | J14: 1 | K14: 1 | L14: 1 | M14: 1 | N14: 1 | O14: 1 | P14: 1 | Q14: 3 | R14: 1 | S14: 2 | T14: 1 | U14: 1 | V14: 1 | W14: 1 | X14: 1 | Y14: 2 | Z14: 1 | AA14: 1 | AB14: 1 | AC14: 1 | AD14: 3 | AE14: 1 | AF14: 2 | AG14: 1 | AH14: 1 | AI14: 2 | AJ14: 2 | AK14: 1 | AL14: 1 | AM14: 1 | AN14: 1 | AO14: 1 | AP14: 1 | AQ14: 1 | AR14: 3 | AS14: 1 | AT14: 1 | AU14: 1 | AV14: 0 | AW14: 1 | AX14: 1 | AY14: 1 | AZ14: 2 | BA14: 2 | BB14: 1 | BC14: 1 | BD14: 2 | BE14: 1 | BF14: 2 | BG14: 1 | BH14: 1 | BI14: 0 | BJ14: 2
B15: REPUBLICA CHECA | D15: 1 | E15: 2 | F15: 2 | G15: 1 | H15: 1 | I15: 2 | J15: 1 | K15: 1 | L15: 1 | M15: 1 | N15: 1 | O15: 1 | P15: 0 | Q15: 1 | R15: 1 | S15: 1 | T15: 1 | U15: 1 | V15: 1 | W15: 1 | X15: 1 | Y15: 1 | Z15: 1 | AA15: 1 | AB15: 1 | AC15: 1 | AD15: 1 | AE15: 1 | AF15: 1 | AG15: 1 | AH15: 1 | AI15: 2 | AJ15: 0 | AK15: 1 | AL15: 0 | AM15: 2 | AN15: 1 | AO15: 2 | AP15: 1 | AQ15: 1 | AR15: 1 | AS15: 1 | AT15: 1 | AU15: 1 | AV15: 2 | AW15: 1 | AX15: 1 | AY15: 1 | AZ15: 1 | BA15: 1 | BB15: 0 | BC15: 1 | BD15: 1 | BE15: 0 | BF15: 1 | BG15: 1 | BH15: 0 | BI15: 2 | BJ15: 0
B16: 46184 | C16: PUNTOS | D16: =IF($C14="",0,IF(AND(D14=$C14,D15=$C15),5,IF(OR(AND(D14-D15>0,$C14-$C15>0),AND(D15-D14>0,$C15-$C14>0),AND(D14-D15=0,$C14-$C15=0)),2,0)+IF(OR(D14=$C14,D15=$C15),1,0))) -> 0 | E16: =IF($C14="",0,IF(AND(E14=$C14,E15=$C15),5,IF(OR(AND(E14-E15>0,$C14-$C15>0),AND(E15-E14>0,$C15-$C14>0),AND(E14-E15=0,$C14-$C15=0)),2,0)+IF(OR(E14=$C14,E15=$C15),1,0))) -> 0 | F16: =IF($C14="",0,IF(AND(F14=$C14,F15=$C15),5,IF(OR(AND(F14-F15>0,$C14-$C15>0),AND(F15-F14>0,$C15-$C14>0),AND(F14-F15=0,$C14-$C15=0)),2,0)+IF(OR(F14=$C14,F15=$C15),1,0))) -> 0 | G16: =IF($C14="",0,IF(AND(G14=$C14,G15=$C15),5,IF(OR(AND(G14-G15>0,$C14-$C15>0),AND(G15-G14>0,$C15-$C14>0),AND(G14-G15=0,$C14-$C15=0)),2,0)+IF(OR(G14=$C14,G15=$C15),1,0))) -> 0 | H16: =IF($C14="",0,IF(AND(H14=$C14,H15=$C15),5,IF(OR(AND(H14-H15>0,$C14-$C15>0),AND(H15-H14>0,$C15-$C14>0),AND(H14-H15=0,$C14-$C15=0)),2,0)+IF(OR(H14=$C14,H15=$C15),1,0))) -> 0 | I16: =IF($C14="",0,IF(AND(I14=$C14,I15=$C15),5,IF(OR(AND(I14-I15>0,$C14-$C15>0),AND(I15-I14>0,$C15-$C14>0),AND(I14-I15=0,$C14-$C15=0)),2,0)+IF(OR(I14=$C14,I15=$C15),1,0))) -> 0 | J16: =IF($C14="",0,IF(AND(J14=$C14,J15=$C15),5,IF(OR(AND(J14-J15>0,$C14-$C15>0),AND(J15-J14>0,$C15-$C14>0),AND(J14-J15=0,$C14-$C15=0)),2,0)+IF(OR(J14=$C14,J15=$C15),1,0))) -> 0 | K16: =IF($C14="",0,IF(AND(K14=$C14,K15=$C15),5,IF(OR(AND(K14-K15>0,$C14-$C15>0),AND(K15-K14>0,$C15-$C14>0),AND(K14-K15=0,$C14-$C15=0)),2,0)+IF(OR(K14=$C14,K15=$C15),1,0))) -> 0 | ... BJ16: =IF($C14="",0,IF(AND(BJ14=$C14,BJ15=$C15),5,IF(OR(AND(BJ14-BJ15>0,$C14-$C15>0),AND(BJ15-BJ14>0,$C15-$C14>0),AND(BJ14-BJ15=0,$C14-$C15=0)),2,0)+IF(OR(BJ14=$C14,BJ15=$C15),1,0))) -> 0
B17: 0.79166667
A19: 25 | B19: REPUBLICA CHECA | D19: 2 | E19: 1 | F19: 0 | G19: 2 | H19: 1 | I19: 3 | J19: 1 | K19: 2 | L19: 2 | M19: 2 | N19: 1 | O19: 2 | P19: 1 | Q19: 1 | R19: 1 | S19: 1 | T19: 1 | U19: 1 | V19: 2 | W19: 4 | X19: 1 | Y19: 2 | Z19: 1 | AA19: 2 | AB19: 2 | AC19: 1 | AD19: 0 | AE19: 1 | AF19: 1 | AG19: 2 | AH19: 1 | AI19: 1 | AJ19: 0 | AK19: 1 | AL19: 0 | AM19: 2 | AN19: 2 | AO19: 2 | AP19: 1 | AQ19: 1 | AR19: 2 | AS19: 0 | AT19: 1 | AU19: 2 | AV19: 1 | AW19: 2 | AX19: 2 | AY19: 2 | AZ19: 2 | BA19: 1 | BB19: 0 | BC19: 2 | BD19: 2 | BE19: 2 | BF19: 1 | BG19: 2 | BH19: 1 | BI19: 1 | BJ19: 1
B20: SUDAFRICA | D20: 0 | E20: 1 | F20: 0 | G20: 0 | H20: 1 | I20: 2 | J20: 0 | K20: 0 | L20: 0 | M20: 0 | N20: 0 | O20: 1 | P20: 1 | Q20: 1 | R20: 0 | S20: 0 | T20: 0 | U20: 0 | V20: 1 | W20: 1 | X20: 0 | Y20: 0 | Z20: 2 | AA20: 0 | AB20: 0 | AC20: 1 | AD20: 2 | AE20: 0 | AF20: 1 | AG20: 1 | AH20: 0 | AI20: 1 | AJ20: 2 | AK20: 0 | AL20: 1 | AM20: 2 | AN20: 0 | AO20: 0 | AP20: 0 | AQ20: 0 | AR20: 2 | AS20: 1 | AT20: 0 | AU20: 1 | AV20: 1 | AW20: 1 | AX20: 0 | AY20: 1 | AZ20: 2 | BA20: 1 | BB20: 3 | BC20: 0 | BD20: 1 | BE20: 1 | BF20: 0 | BG20: 1 | BH20: 1 | BI20: 1 | BJ20: 1
B21: 46191 | C21: PUNTOS | D21: =IF($C19="",0,IF(AND(D19=$C19,D20=$C20),5,IF(OR(AND(D19-D20>0,$C19-$C20>0),AND(D20-D19>0,$C20-$C19>0),AND(D19-D20=0,$C19-$C20=0)),2,0)+IF(OR(D19=$C19,D20=$C20),1,0))) -> 0 | E21: =IF($C19="",0,IF(AND(E19=$C19,E20=$C20),5,IF(OR(AND(E19-E20>0,$C19-$C20>0),AND(E20-E19>0,$C20-$C19>0),AND(E19-E20=0,$C19-$C20=0)),2,0)+IF(OR(E19=$C19,E20=$C20),1,0))) -> 0 | F21: =IF($C19="",0,IF(AND(F19=$C19,F20=$C20),5,IF(OR(AND(F19-F20>0,$C19-$C20>0),AND(F20-F19>0,$C20-$C19>0),AND(F19-F20=0,$C19-$C20=0)),2,0)+IF(OR(F19=$C19,F20=$C20),1,0))) -> 0 | G21: =IF($C19="",0,IF(AND(G19=$C19,G20=$C20),5,IF(OR(AND(G19-G20>0,$C19-$C20>0),AND(G20-G19>0,$C20-$C19>0),AND(G19-G20=0,$C19-$C20=0)),2,0)+IF(OR(G19=$C19,G20=$C20),1,0))) -> 0 | H21: =IF($C19="",0,IF(AND(H19=$C19,H20=$C20),5,IF(OR(AND(H19-H20>0,$C19-$C20>0),AND(H20-H19>0,$C20-$C19>0),AND(H19-H20=0,$C19-$C20=0)),2,0)+IF(OR(H19=$C19,H20=$C20),1,0))) -> 0 | I21: =IF($C19="",0,IF(AND(I19=$C19,I20=$C20),5,IF(OR(AND(I19-I20>0,$C19-$C20>0),AND(I20-I19>0,$C20-$C19>0),AND(I19-I20=0,$C19-$C20=0)),2,0)+IF(OR(I19=$C19,I20=$C20),1,0))) -> 0 | J21: =IF($C19="",0,IF(AND(J19=$C19,J20=$C20),5,IF(OR(AND(J19-J20>0,$C19-$C20>0),AND(J20-J19>0,$C20-$C19>0),AND(J19-J20=0,$C19-$C20=0)),2,0)+IF(OR(J19=$C19,J20=$C20),1,0))) -> 0 | K21: =IF($C19="",0,IF(AND(K19=$C19,K20=$C20),5,IF(OR(AND(K19-K20>0,$C19-$C20>0),AND(K20-K19>0,$C20-$C19>0),AND(K19-K20=0,$C19-$C20=0)),2,0)+IF(OR(K19=$C19,K20=$C20),1,0))) -> 0 | ... BJ21: =IF($C19="",0,IF(AND(BJ19=$C19,BJ20=$C20),5,IF(OR(AND(BJ19-BJ20>0,$C19-$C20>0),AND(BJ20-BJ19>0,$C20-$C19>0),AND(BJ19-BJ20=0,$C19-$C20=0)),2,0)+IF(OR(BJ19=$C19,BJ20=$C20),1,0))) -> 0
B22: 0.45833333
A24: 28 | B24: MEXICO | D24: 2 | E24: 1 | F24: 2 | G24: 2 | H24: 2 | I24: 4 | J24: 2 | K24: 1 | L24: 1 | M24: 2 | N24: 2 | O24: 2 | P24: 1 | Q24: 2 | R24: 2 | S24: 2 | T24: 2 | U24: 2 | V24: 2 | W24: 0 | X24: 0 | Y24: 2 | Z24: 2 | AA24: 0 | AB24: 2 | AC24: 1 | AD24: 2 | AE24: 1 | AF24: 2 | AG24: 2 | AH24: 2 | AI24: 2 | AJ24: 2 | AK24: 1 | AL24: 0 | AM24: 1 | AN24: 2 | AO24: 2 | AP24: 1 | AQ24: 2 | AR24: 0 | AS24: 1 | AT24: 1 | AU24: 2 | AV24: 3 | AW24: 3 | AX24: 2 | AY24: 1 | AZ24: 1 | BA24: 1 | BB24: 2 | BC24: 2 | BD24: 2 | BE24: 1 | BF24: 2 | BG24: 1 | BH24: 2 | BI24: 1 | BJ24: 1
B25: COREA DEL SUR | D25: 1 | E25: 1 | F25: 1 | G25: 1 | H25: 0 | I25: 1 | J25: 0 | K25: 1 | L25: 1 | M25: 2 | N25: 1 | O25: 1 | P25: 0 | Q25: 1 | R25: 1 | S25: 1 | T25: 1 | U25: 1 | V25: 1 | W25: 1 | X25: 2 | Y25: 1 | Z25: 0 | AA25: 0 | AB25: 1 | AC25: 0 | AD25: 2 | AE25: 1 | AF25: 1 | AG25: 1 | AH25: 1 | AI25: 1 | AJ25: 2 | AK25: 1 | AL25: 2 | AM25: 0 | AN25: 1 | AO25: 1 | AP25: 1 | AQ25: 0 | AR25: 1 | AS25: 2 | AT25: 2 | AU25: 1 | AV25: 1 | AW25: 0 | AX25: 0 | AY25: 1 | AZ25: 1 | BA25: 1 | BB25: 0 | BC25: 1 | BD25: 2 | BE25: 0 | BF25: 1 | BG25: 0 | BH25: 2 | BI25: 1 | BJ25: 2
B26: 46191 | C26: PUNTOS | D26: =IF($C24="",0,IF(AND(D24=$C24,D25=$C25),5,IF(OR(AND(D24-D25>0,$C24-$C25>0),AND(D25-D24>0,$C25-$C24>0),AND(D24-D25=0,$C24-$C25=0)),2,0)+IF(OR(D24=$C24,D25=$C25),1,0))) -> 0 | E26: =IF($C24="",0,IF(AND(E24=$C24,E25=$C25),5,IF(OR(AND(E24-E25>0,$C24-$C25>0),AND(E25-E24>0,$C25-$C24>0),AND(E24-E25=0,$C24-$C25=0)),2,0)+IF(OR(E24=$C24,E25=$C25),1,0))) -> 0 | F26: =IF($C24="",0,IF(AND(F24=$C24,F25=$C25),5,IF(OR(AND(F24-F25>0,$C24-$C25>0),AND(F25-F24>0,$C25-$C24>0),AND(F24-F25=0,$C24-$C25=0)),2,0)+IF(OR(F24=$C24,F25=$C25),1,0))) -> 0 | G26: =IF($C24="",0,IF(AND(G24=$C24,G25=$C25),5,IF(OR(AND(G24-G25>0,$C24-$C25>0),AND(G25-G24>0,$C25-$C24>0),AND(G24-G25=0,$C24-$C25=0)),2,0)+IF(OR(G24=$C24,G25=$C25),1,0))) -> 0 | H26: =IF($C24="",0,IF(AND(H24=$C24,H25=$C25),5,IF(OR(AND(H24-H25>0,$C24-$C25>0),AND(H25-H24>0,$C25-$C24>0),AND(H24-H25=0,$C24-$C25=0)),2,0)+IF(OR(H24=$C24,H25=$C25),1,0))) -> 0 | I26: =IF($C24="",0,IF(AND(I24=$C24,I25=$C25),5,IF(OR(AND(I24-I25>0,$C24-$C25>0),AND(I25-I24>0,$C25-$C24>0),AND(I24-I25=0,$C24-$C25=0)),2,0)+IF(OR(I24=$C24,I25=$C25),1,0))) -> 0 | J26: =IF($C24="",0,IF(AND(J24=$C24,J25=$C25),5,IF(OR(AND(J24-J25>0,$C24-$C25>0),AND(J25-J24>0,$C25-$C24>0),AND(J24-J25=0,$C24-$C25=0)),2,0)+IF(OR(J24=$C24,J25=$C25),1,0))) -> 0 | K26: =IF($C24="",0,IF(AND(K24=$C24,K25=$C25),5,IF(OR(AND(K24-K25>0,$C24-$C25>0),AND(K25-K24>0,$C25-$C24>0),AND(K24-K25=0,$C24-$C25=0)),2,0)+IF(OR(K24=$C24,K25=$C25),1,0))) -> 0 | ... BJ26: =IF($C24="",0,IF(AND(BJ24=$C24,BJ25=$C25),5,IF(OR(AND(BJ24-BJ25>0,$C24-$C25>0),AND(BJ25-BJ24>0,$C25-$C24>0),AND(BJ24-BJ25=0,$C24-$C25=0)),2,0)+IF(OR(BJ24=$C24,BJ25=$C25),1,0))) -> 0
B27: 0.75
A29: 53 | B29: REPUBLICA CHECA | D29: 1 | E29: 0 | F29: 2 | G29: 0 | H29: 1 | I29: 2 | J29: 1 | K29: 1 | L29: 1 | M29: 1 | N29: 1 | O29: 1 | P29: 1 | Q29: 0 | R29: 1 | S29: 1 | T29: 1 | U29: 1 | V29: 1 | W29: 2 | X29: 1 | Y29: 0 | Z29: 0 | AA29: 2 | AB29: 0 | AC29: 1 | AD29: 1 | AE29: 0 | AF29: 1 | AG29: 1 | AH29: 0 | AI29: 2 | AJ29: 0 | AK29: 1 | AL29: 2 | AM29: 2 | AN29: 1 | AO29: 1 | AP29: 1 | AQ29: 1 | AR29: 0 | AS29: 1 | AT29: 0 | AU29: 1 | AV29: 0 | AW29: 1 | AX29: 1 | AY29: 1 | AZ29: 0 | BA29: 1 | BB29: 0 | BC29: 1 | BD29: 0 | BE29: 0 | BF29: 0 | BG29: 1 | BH29: 0 | BI29: 2 | BJ29: 1
B30: MEXICO | D30: 1 | E30: 1 | F30: 1 | G30: 1 | H30: 2 | I30: 2 | J30: 2 | K30: 2 | L30: 2 | M30: 1 | N30: 1 | O30: 1 | P30: 2 | Q30: 1 | R30: 1 | S30: 1 | T30: 1 | U30: 1 | V30: 2 | W30: 2 | X30: 1 | Y30: 1 | Z30: 2 | AA30: 2 | AB30: 1 | AC30: 2 | AD30: 1 | AE30: 1 | AF30: 2 | AG30: 2 | AH30: 1 | AI30: 2 | AJ30: 2 | AK30: 2 | AL30: 2 | AM30: 2 | AN30: 1 | AO30: 1 | AP30: 2 | AQ30: 1 | AR30: 2 | AS30: 1 | AT30: 1 | AU30: 1 | AV30: 1 | AW30: 2 | AX30: 2 | AY30: 2 | AZ30: 1 | BA30: 2 | BB30: 1 | BC30: 1 | BD30: 1 | BE30: 1 | BF30: 1 | BG30: 2 | BH30: 1 | BI30: 2 | BJ30: 1
B31: 46197 | C31: PUNTOS | D31: =IF($C29="",0,IF(AND(D29=$C29,D30=$C30),5,IF(OR(AND(D29-D30>0,$C29-$C30>0),AND(D30-D29>0,$C30-$C29>0),AND(D29-D30=0,$C29-$C30=0)),2,0)+IF(OR(D29=$C29,D30=$C30),1,0))) -> 0 | E31: =IF($C29="",0,IF(AND(E29=$C29,E30=$C30),5,IF(OR(AND(E29-E30>0,$C29-$C30>0),AND(E30-E29>0,$C30-$C29>0),AND(E29-E30=0,$C29-$C30=0)),2,0)+IF(OR(E29=$C29,E30=$C30),1,0))) -> 0 | F31: =IF($C29="",0,IF(AND(F29=$C29,F30=$C30),5,IF(OR(AND(F29-F30>0,$C29-$C30>0),AND(F30-F29>0,$C30-$C29>0),AND(F29-F30=0,$C29-$C30=0)),2,0)+IF(OR(F29=$C29,F30=$C30),1,0))) -> 0 | G31: =IF($C29="",0,IF(AND(G29=$C29,G30=$C30),5,IF(OR(AND(G29-G30>0,$C29-$C30>0),AND(G30-G29>0,$C30-$C29>0),AND(G29-G30=0,$C29-$C30=0)),2,0)+IF(OR(G29=$C29,G30=$C30),1,0))) -> 0 | H31: =IF($C29="",0,IF(AND(H29=$C29,H30=$C30),5,IF(OR(AND(H29-H30>0,$C29-$C30>0),AND(H30-H29>0,$C30-$C29>0),AND(H29-H30=0,$C29-$C30=0)),2,0)+IF(OR(H29=$C29,H30=$C30),1,0))) -> 0 | I31: =IF($C29="",0,IF(AND(I29=$C29,I30=$C30),5,IF(OR(AND(I29-I30>0,$C29-$C30>0),AND(I30-I29>0,$C30-$C29>0),AND(I29-I30=0,$C29-$C30=0)),2,0)+IF(OR(I29=$C29,I30=$C30),1,0))) -> 0 | J31: =IF($C29="",0,IF(AND(J29=$C29,J30=$C30),5,IF(OR(AND(J29-J30>0,$C29-$C30>0),AND(J30-J29>0,$C30-$C29>0),AND(J29-J30=0,$C29-$C30=0)),2,0)+IF(OR(J29=$C29,J30=$C30),1,0))) -> 0 | K31: =IF($C29="",0,IF(AND(K29=$C29,K30=$C30),5,IF(OR(AND(K29-K30>0,$C29-$C30>0),AND(K30-K29>0,$C30-$C29>0),AND(K29-K30=0,$C29-$C30=0)),2,0)+IF(OR(K29=$C29,K30=$C30),1,0))) -> 0 | ... BJ31: =IF($C29="",0,IF(AND(BJ29=$C29,BJ30=$C30),5,IF(OR(AND(BJ29-BJ30>0,$C29-$C30>0),AND(BJ30-BJ29>0,$C30-$C29>0),AND(BJ29-BJ30=0,$C29-$C30=0)),2,0)+IF(OR(BJ29=$C29,BJ30=$C30),1,0))) -> 0
B32: 0.83333333
A34: 54 | B34: SUDAFRICA | D34: 0 | E34: 1 | F34: 2 | G34: 0 | H34: 1 | I34: 2 | J34: 0 | K34: 2 | L34: 0 | M34: 0 | N34: 1 | O34: 1 | P34: 0 | Q34: 2 | R34: 0 | S34: 0 | T34: 1 | U34: 0 | V34: 1 | W34: 0 | X34: 0 | Y34: 0 | Z34: 1 | AA34: 2 | AB34: 0 | AC34: 0 | AD34: 2 | AE34: 1 | AF34: 0 | AG34: 1 | AH34: 1 | AI34: 3 | AJ34: 2 | AK34: 0 | AL34: 2 | AM34: 2 | AN34: 1 | AO34: 1 | AP34: 1 | AQ34: 0 | AR34: 1 | AS34: 1 | AT34: 1 | AU34: 1 | AV34: 2 | AW34: 1 | AX34: 0 | AY34: 1 | AZ34: 0 | BA34: 0 | BB34: 2 | BC34: 0 | BD34: 0 | BE34: 1 | BF34: 0 | BG34: 1 | BH34: 0 | BI34: 0 | BJ34: 0
B35: COREA DEL SUR | D35: 1 | E35: 2 | F35: 2 | G35: 2 | H35: 2 | I35: 0 | J35: 1 | K35: 1 | L35: 2 | M35: 2 | N35: 2 | O35: 2 | P35: 1 | Q35: 2 | R35: 2 | S35: 2 | T35: 1 | U35: 3 | V35: 1 | W35: 2 | X35: 0 | Y35: 2 | Z35: 2 | AA35: 0 | AB35: 2 | AC35: 2 | AD35: 2 | AE35: 2 | AF35: 1 | AG35: 2 | AH35: 2 | AI35: 3 | AJ35: 1 | AK35: 2 | AL35: 3 | AM35: 0 | AN35: 2 | AO35: 2 | AP35: 0 | AQ35: 1 | AR35: 3 | AS35: 0 | AT35: 2 | AU35: 2 | AV35: 1 | AW35: 1 | AX35: 1 | AY35: 2 | AZ35: 2 | BA35: 3 | BB35: 1 | BC35: 2 | BD35: 2 | BE35: 1 | BF35: 2 | BG35: 0 | BH35: 2 | BI35: 0 | BJ35: 2
B36: 46197 | C36: PUNTOS | D36: =IF($C34="",0,IF(AND(D34=$C34,D35=$C35),5,IF(OR(AND(D34-D35>0,$C34-$C35>0),AND(D35-D34>0,$C35-$C34>0),AND(D34-D35=0,$C34-$C35=0)),2,0)+IF(OR(D34=$C34,D35=$C35),1,0))) -> 0 | E36: =IF($C34="",0,IF(AND(E34=$C34,E35=$C35),5,IF(OR(AND(E34-E35>0,$C34-$C35>0),AND(E35-E34>0,$C35-$C34>0),AND(E34-E35=0,$C34-$C35=0)),2,0)+IF(OR(E34=$C34,E35=$C35),1,0))) -> 0 | F36: =IF($C34="",0,IF(AND(F34=$C34,F35=$C35),5,IF(OR(AND(F34-F35>0,$C34-$C35>0),AND(F35-F34>0,$C35-$C34>0),AND(F34-F35=0,$C34-$C35=0)),2,0)+IF(OR(F34=$C34,F35=$C35),1,0))) -> 0 | G36: =IF($C34="",0,IF(AND(G34=$C34,G35=$C35),5,IF(OR(AND(G34-G35>0,$C34-$C35>0),AND(G35-G34>0,$C35-$C34>0),AND(G34-G35=0,$C34-$C35=0)),2,0)+IF(OR(G34=$C34,G35=$C35),1,0))) -> 0 | H36: =IF($C34="",0,IF(AND(H34=$C34,H35=$C35),5,IF(OR(AND(H34-H35>0,$C34-$C35>0),AND(H35-H34>0,$C35-$C34>0),AND(H34-H35=0,$C34-$C35=0)),2,0)+IF(OR(H34=$C34,H35=$C35),1,0))) -> 0 | I36: =IF($C34="",0,IF(AND(I34=$C34,I35=$C35),5,IF(OR(AND(I34-I35>0,$C34-$C35>0),AND(I35-I34>0,$C35-$C34>0),AND(I34-I35=0,$C34-$C35=0)),2,0)+IF(OR(I34=$C34,I35=$C35),1,0))) -> 0 | J36: =IF($C34="",0,IF(AND(J34=$C34,J35=$C35),5,IF(OR(AND(J34-J35>0,$C34-$C35>0),AND(J35-J34>0,$C35-$C34>0),AND(J34-J35=0,$C34-$C35=0)),2,0)+IF(OR(J34=$C34,J35=$C35),1,0))) -> 0 | K36: =IF($C34="",0,IF(AND(K34=$C34,K35=$C35),5,IF(OR(AND(K34-K35>0,$C34-$C35>0),AND(K35-K34>0,$C35-$C34>0),AND(K34-K35=0,$C34-$C35=0)),2,0)+IF(OR(K34=$C34,K35=$C35),1,0))) -> 0 | ... BJ36: =IF($C34="",0,IF(AND(BJ34=$C34,BJ35=$C35),5,IF(OR(AND(BJ34-BJ35>0,$C34-$C35>0),AND(BJ35-BJ34>0,$C35-$C34>0),AND(BJ34-BJ35=0,$C34-$C35=0)),2,0)+IF(OR(BJ34=$C34,BJ35=$C35),1,0))) -> 0
B37: 0.83333333
A41: GRUPO B: CANADA, BOSNIA, CATAR, SUIZA
D43: 1 | E43: 2 | F43: 3 | G43: 4 | H43: 5 | I43: 6 | J43: 7 | K43: 8 | L43: 9 | M43: 10 | N43: 11 | O43: 13 | P43: 14 | Q43: 15 | R43: 16 | S43: 17 | T43: 18 | U43: 19 | V43: 20 | W43: 21 | X43: 22 | Y43: 24 | Z43: 25 | AA43: 26 | AB43: 27 | AC43: 29 | AD43: 30 | AE43: 32 | AF43: 33 | AG43: 34 | AH43: 35 | AI43: 36 | AJ43: 37 | AK43: 38 | AL43: 39 | AM43: 40 | AN43: 41 | AO43: 42 | AP43: 44 | AQ43: 67 | AR43: 48 | AS43: 49 | AT43: 51 | AU43: 52 | AV43: 53 | AW43: 54 | AX43: 55 | AY43: 56 | AZ43: 57 | BA43: 58 | BB43: 59 | BC43: 60 | BD43: 61 | BE43: 62 | BF43: 63 | BG43: 64 | BH43: 65 | BI43: 66 | BJ43: 67
B44: EQUIPO | C44: MARCADOR | D44: =$D$8 -> Julian Uribe | E44: =$E$8 -> Yulian Sanchez | F44: =$F$8 -> Francisco Moreno | G44: =$G$8 -> Mauricio Guerrero | H44: =$H$8 -> Gustavo Guerrero | I44: =$I$8 -> Gerardo Martinez | J44: =J8 -> Nora Perez | K44: =K8 -> Laura Rodriguez | L44: =L8 -> Jhoana Moreno | M44: =M8 -> Yoselin Salinas | N44: =N8 -> Luis Diaz | O44: =O8 -> Diela del Carmen | P44: =P8 -> Paola Agredo | Q44: =Q8 -> Oscar Suarez | ... BJ44: =BJ8 -> Angelica Maria Panesso
A45: 3 | B45: CANADA | D45: 1 | E45: 3 | F45: 1 | G45: 3 | H45: 2 | I45: 1 | J45: 2 | K45: 2 | L45: 2 | M45: 2 | N45: 2 | O45: 2 | P45: 2 | Q45: 1 | R45: 1 | S45: 2 | T45: 2 | U45: 0 | V45: 1 | W45: 2 | X45: 3 | Y45: 1 | Z45: 2 | AA45: 2 | AB45: 2 | AC45: 1 | AD45: 2 | AE45: 2 | AF45: 2 | AG45: 2 | AH45: 2 | AI45: 1 | AJ45: 2 | AK45: 0 | AL45: 0 | AM45: 3 | AN45: 1 | AO45: 2 | AP45: 1 | AQ45: 2 | AR45: 2 | AS45: 0 | AT45: 0 | AU45: 2 | AV45: 1 | AW45: 2 | AX45: 3 | AY45: 2 | AZ45: 2 | BA45: 1 | BB45: 2 | BC45: 1 | BD45: 2 | BE45: 1 | BF45: 1 | BG45: 1 | BH45: 1 | BI45: 3 | BJ45: 1
B46: BOSNIA | D46: 2 | E46: 1 | F46: 1 | G46: 0 | H46: 1 | I46: 2 | J46: 0 | K46: 0 | L46: 1 | M46: 1 | N46: 1 | O46: 1 | P46: 1 | Q46: 0 | R46: 1 | S46: 1 | T46: 0 | U46: 2 | V46: 1 | W46: 1 | X46: 0 | Y46: 1 | Z46: 1 | AA46: 1 | AB46: 1 | AC46: 1 | AD46: 0 | AE46: 1 | AF46: 0 | AG46: 1 | AH46: 1 | AI46: 1 | AJ46: 0 | AK46: 0 | AL46: 1 | AM46: 1 | AN46: 2 | AO46: 0 | AP46: 0 | AQ46: 0 | AR46: 1 | AS46: 1 | AT46: 2 | AU46: 0 | AV46: 0 | AW46: 1 | AX46: 1 | AY46: 1 | AZ46: 0 | BA46: 2 | BB46: 0 | BC46: 0 | BD46: 0 | BE46: 1 | BF46: 1 | BG46: 2 | BH46: 0 | BI46: 0 | BJ46: 0
B47: 46185 | C47: PUNTOS | D47: =IF($C45="",0,IF(AND(D45=$C45,D46=$C46),5,IF(OR(AND(D45-D46>0,$C45-$C46>0),AND(D46-D45>0,$C46-$C45>0),AND(D45-D46=0,$C45-$C46=0)),2,0)+IF(OR(D45=$C45,D46=$C46),1,0))) -> 0 | E47: =IF($C45="",0,IF(AND(E45=$C45,E46=$C46),5,IF(OR(AND(E45-E46>0,$C45-$C46>0),AND(E46-E45>0,$C46-$C45>0),AND(E45-E46=0,$C45-$C46=0)),2,0)+IF(OR(E45=$C45,E46=$C46),1,0))) -> 0 | F47: =IF($C45="",0,IF(AND(F45=$C45,F46=$C46),5,IF(OR(AND(F45-F46>0,$C45-$C46>0),AND(F46-F45>0,$C46-$C45>0),AND(F45-F46=0,$C45-$C46=0)),2,0)+IF(OR(F45=$C45,F46=$C46),1,0))) -> 0 | G47: =IF($C45="",0,IF(AND(G45=$C45,G46=$C46),5,IF(OR(AND(G45-G46>0,$C45-$C46>0),AND(G46-G45>0,$C46-$C45>0),AND(G45-G46=0,$C45-$C46=0)),2,0)+IF(OR(G45=$C45,G46=$C46),1,0))) -> 0 | H47: =IF($C45="",0,IF(AND(H45=$C45,H46=$C46),5,IF(OR(AND(H45-H46>0,$C45-$C46>0),AND(H46-H45>0,$C46-$C45>0),AND(H45-H46=0,$C45-$C46=0)),2,0)+IF(OR(H45=$C45,H46=$C46),1,0))) -> 0 | I47: =IF($C45="",0,IF(AND(I45=$C45,I46=$C46),5,IF(OR(AND(I45-I46>0,$C45-$C46>0),AND(I46-I45>0,$C46-$C45>0),AND(I45-I46=0,$C45-$C46=0)),2,0)+IF(OR(I45=$C45,I46=$C46),1,0))) -> 0 | J47: =IF($C45="",0,IF(AND(J45=$C45,J46=$C46),5,IF(OR(AND(J45-J46>0,$C45-$C46>0),AND(J46-J45>0,$C46-$C45>0),AND(J45-J46=0,$C45-$C46=0)),2,0)+IF(OR(J45=$C45,J46=$C46),1,0))) -> 0 | K47: =IF($C45="",0,IF(AND(K45=$C45,K46=$C46),5,IF(OR(AND(K45-K46>0,$C45-$C46>0),AND(K46-K45>0,$C46-$C45>0),AND(K45-K46=0,$C45-$C46=0)),2,0)+IF(OR(K45=$C45,K46=$C46),1,0))) -> 0 | ... BJ47: =IF($C45="",0,IF(AND(BJ45=$C45,BJ46=$C46),5,IF(OR(AND(BJ45-BJ46>0,$C45-$C46>0),AND(BJ46-BJ45>0,$C46-$C45>0),AND(BJ45-BJ46=0,$C45-$C46=0)),2,0)+IF(OR(BJ45=$C45,BJ46=$C46),1,0))) -> 0
B48: 0.58333333
A50: 8 | B50: CATAR | D50: 0 | E50: 1 | F50: 0 | G50: 0 | H50: 0 | I50: 0 | J50: 0 | K50: 0 | L50: 0 | M50: 0 | N50: 0 | O50: 0 | P50: 1 | Q50: 1 | R50: 0 | S50: 0 | T50: 0 | U50: 0 | V50: 0 | W50: 0 | X50: 1 | Y50: 0 | Z50: 0 | AA50: 1 | AB50: 0 | AC50: 0 | AD50: 1 | AE50: 0 | AF50: 0 | AG50: 0 | AH50: 0 | AI50: 2 | AJ50: 0 | AK50: 0 | AL50: 2 | AM50: 2 | AN50: 0 | AO50: 0 | AP50: 0 | AQ50: 1 | AR50: 0 | AS50: 0 | AT50: 1 | AU50: 0 | AV50: 1 | AW50: 0 | AX50: 0 | AY50: 0 | AZ50: 0 | BA50: 0 | BB50: 1 | BC50: 0 | BD50: 0 | BE50: 2 | BF50: 0 | BG50: 1 | BH50: 0 | BI50: 0 | BJ50: 0
B51: SUIZA | D51: 2 | E51: 3 | F51: 1 | G51: 2 | H51: 2 | I51: 3 | J51: 2 | K51: 1 | L51: 2 | M51: 3 | N51: 2 | O51: 2 | P51: 2 | Q51: 1 | R51: 2 | S51: 2 | T51: 1 | U51: 3 | V51: 2 | W51: 3 | X51: 2 | Y51: 2 | Z51: 2 | AA51: 2 | AB51: 2 | AC51: 2 | AD51: 3 | AE51: 2 | AF51: 2 | AG51: 2 | AH51: 2 | AI51: 2 | AJ51: 2 | AK51: 2 | AL51: 2 | AM51: 2 | AN51: 3 | AO51: 3 | AP51: 2 | AQ51: 2 | AR51: 3 | AS51: 2 | AT51: 0 | AU51: 2 | AV51: 2 | AW51: 3 | AX51: 2 | AY51: 2 | AZ51: 3 | BA51: 3 | BB51: 1 | BC51: 2 | BD51: 2 | BE51: 1 | BF51: 3 | BG51: 2 | BH51: 2 | BI51: 2 | BJ51: 2
B52: 46186 | C52: PUNTOS | D52: =IF($C50="",0,IF(AND(D50=$C50,D51=$C51),5,IF(OR(AND(D50-D51>0,$C50-$C51>0),AND(D51-D50>0,$C51-$C50>0),AND(D50-D51=0,$C50-$C51=0)),2,0)+IF(OR(D50=$C50,D51=$C51),1,0))) -> 0 | E52: =IF($C50="",0,IF(AND(E50=$C50,E51=$C51),5,IF(OR(AND(E50-E51>0,$C50-$C51>0),AND(E51-E50>0,$C51-$C50>0),AND(E50-E51=0,$C50-$C51=0)),2,0)+IF(OR(E50=$C50,E51=$C51),1,0))) -> 0 | F52: =IF($C50="",0,IF(AND(F50=$C50,F51=$C51),5,IF(OR(AND(F50-F51>0,$C50-$C51>0),AND(F51-F50>0,$C51-$C50>0),AND(F50-F51=0,$C50-$C51=0)),2,0)+IF(OR(F50=$C50,F51=$C51),1,0))) -> 0 | G52: =IF($C50="",0,IF(AND(G50=$C50,G51=$C51),5,IF(OR(AND(G50-G51>0,$C50-$C51>0),AND(G51-G50>0,$C51-$C50>0),AND(G50-G51=0,$C50-$C51=0)),2,0)+IF(OR(G50=$C50,G51=$C51),1,0))) -> 0 | H52: =IF($C50="",0,IF(AND(H50=$C50,H51=$C51),5,IF(OR(AND(H50-H51>0,$C50-$C51>0),AND(H51-H50>0,$C51-$C50>0),AND(H50-H51=0,$C50-$C51=0)),2,0)+IF(OR(H50=$C50,H51=$C51),1,0))) -> 0 | I52: =IF($C50="",0,IF(AND(I50=$C50,I51=$C51),5,IF(OR(AND(I50-I51>0,$C50-$C51>0),AND(I51-I50>0,$C51-$C50>0),AND(I50-I51=0,$C50-$C51=0)),2,0)+IF(OR(I50=$C50,I51=$C51),1,0))) -> 0 | J52: =IF($C50="",0,IF(AND(J50=$C50,J51=$C51),5,IF(OR(AND(J50-J51>0,$C50-$C51>0),AND(J51-J50>0,$C51-$C50>0),AND(J50-J51=0,$C50-$C51=0)),2,0)+IF(OR(J50=$C50,J51=$C51),1,0))) -> 0 | K52: =IF($C50="",0,IF(AND(K50=$C50,K51=$C51),5,IF(OR(AND(K50-K51>0,$C50-$C51>0),AND(K51-K50>0,$C51-$C50>0),AND(K50-K51=0,$C50-$C51=0)),2,0)+IF(OR(K50=$C50,K51=$C51),1,0))) -> 0 | ... BJ52: =IF($C50="",0,IF(AND(BJ50=$C50,BJ51=$C51),5,IF(OR(AND(BJ50-BJ51>0,$C50-$C51>0),AND(BJ51-BJ50>0,$C51-$C50>0),AND(BJ50-BJ51=0,$C50-$C51=0)),2,0)+IF(OR(BJ50=$C50,BJ51=$C51),1,0))) -> 0
B53: 0.58333333
A55: 26 | B55: SUIZA | D55: 2 | E55: 2 | F55: 0 | G55: 2 | H55: 2 | I55: 2 | J55: 1 | K55: 2 | L55: 2 | M55: 2 | N55: 1 | O55: 2 | P55: 1 | Q55: 4 | R55: 1 | S55: 2 | T55: 2 | U55: 2 | V55: 2 | W55: 1 | X55: 1 | Y55: 1 | Z55: 2 | AA55: 2 | AB55: 1 | AC55: 2 | AD55: 3 | AE55: 1 | AF55: 2 | AG55: 2 | AH55: 2 | AI55: 1 | AJ55: 3 | AK55: 2 | AL55: 3 | AM55: 2 | AN55: 1 | AO55: 1 | AP55: 2 | AQ55: 1 | AR55: 2 | AS55: 1 | AT55: 1 | AU55: 2 | AV55: 1 | AW55: 3 | AX55: 2 | AY55: 2 | AZ55: 2 | BA55: 1 | BB55: 2 | BC55: 2 | BD55: 2 | BE55: 1 | BF55: 2 | BG55: 1 | BH55: 2 | BI55: 4 | BJ55: 1
B56: BOSNIA | D56: 0 | E56: 1 | F56: 1 | G56: 0 | H56: 1 | I56: 2 | J56: 0 | K56: 1 | L56: 0 | M56: 1 | N56: 0 | O56: 1 | P56: 0 | Q56: 1 | R56: 0 | S56: 0 | T56: 0 | U56: 1 | V56: 1 | W56: 1 | X56: 1 | Y56: 0 | Z56: 0 | AA56: 0 | AB56: 0 | AC56: 1 | AD56: 1 | AE56: 0 | AF56: 0 | AG56: 0 | AH56: 0 | AI56: 3 | AJ56: 1 | AK56: 1 | AL56: 2 | AM56: 0 | AN56: 1 | AO56: 0 | AP56: 1 | AQ56: 0 | AR56: 1 | AS56: 1 | AT56: 1 | AU56: 0 | AV56: 0 | AW56: 1 | AX56: 0 | AY56: 1 | AZ56: 1 | BA56: 0 | BB56: 1 | BC56: 1 | BD56: 1 | BE56: 1 | BF56: 1 | BG56: 1 | BH56: 0 | BI56: 1 | BJ56: 0
B57: 46191 | C57: PUNTOS | D57: =IF($C55="",0,IF(AND(D55=$C55,D56=$C56),5,IF(OR(AND(D55-D56>0,$C55-$C56>0),AND(D56-D55>0,$C56-$C55>0),AND(D55-D56=0,$C55-$C56=0)),2,0)+IF(OR(D55=$C55,D56=$C56),1,0))) -> 0 | E57: =IF($C55="",0,IF(AND(E55=$C55,E56=$C56),5,IF(OR(AND(E55-E56>0,$C55-$C56>0),AND(E56-E55>0,$C56-$C55>0),AND(E55-E56=0,$C55-$C56=0)),2,0)+IF(OR(E55=$C55,E56=$C56),1,0))) -> 0 | F57: =IF($C55="",0,IF(AND(F55=$C55,F56=$C56),5,IF(OR(AND(F55-F56>0,$C55-$C56>0),AND(F56-F55>0,$C56-$C55>0),AND(F55-F56=0,$C55-$C56=0)),2,0)+IF(OR(F55=$C55,F56=$C56),1,0))) -> 0 | G57: =IF($C55="",0,IF(AND(G55=$C55,G56=$C56),5,IF(OR(AND(G55-G56>0,$C55-$C56>0),AND(G56-G55>0,$C56-$C55>0),AND(G55-G56=0,$C55-$C56=0)),2,0)+IF(OR(G55=$C55,G56=$C56),1,0))) -> 0 | H57: =IF($C55="",0,IF(AND(H55=$C55,H56=$C56),5,IF(OR(AND(H55-H56>0,$C55-$C56>0),AND(H56-H55>0,$C56-$C55>0),AND(H55-H56=0,$C55-$C56=0)),2,0)+IF(OR(H55=$C55,H56=$C56),1,0))) -> 0 | I57: =IF($C55="",0,IF(AND(I55=$C55,I56=$C56),5,IF(OR(AND(I55-I56>0,$C55-$C56>0),AND(I56-I55>0,$C56-$C55>0),AND(I55-I56=0,$C55-$C56=0)),2,0)+IF(OR(I55=$C55,I56=$C56),1,0))) -> 0 | J57: =IF($C55="",0,IF(AND(J55=$C55,J56=$C56),5,IF(OR(AND(J55-J56>0,$C55-$C56>0),AND(J56-J55>0,$C56-$C55>0),AND(J55-J56=0,$C55-$C56=0)),2,0)+IF(OR(J55=$C55,J56=$C56),1,0))) -> 0 | K57: =IF($C55="",0,IF(AND(K55=$C55,K56=$C56),5,IF(OR(AND(K55-K56>0,$C55-$C56>0),AND(K56-K55>0,$C56-$C55>0),AND(K55-K56=0,$C55-$C56=0)),2,0)+IF(OR(K55=$C55,K56=$C56),1,0))) -> 0 | ... BJ57: =IF($C55="",0,IF(AND(BJ55=$C55,BJ56=$C56),5,IF(OR(AND(BJ55-BJ56>0,$C55-$C56>0),AND(BJ56-BJ55>0,$C56-$C55>0),AND(BJ55-BJ56=0,$C55-$C56=0)),2,0)+IF(OR(BJ55=$C55,BJ56=$C56),1,0))) -> 0
B58: 0.58333333
A60: 27 | B60: CANADA | D60: 2 | E60: 2 | F60: 3 | G60: 2 | H60: 3 | I60: 3 | J60: 2 | K60: 1 | L60: 2 | M60: 2 | N60: 3 | O60: 2 | P60: 2 | Q60: 2 | R60: 2 | S60: 1 | T60: 1 | U60: 1 | V60: 2 | W60: 4 | X60: 3 | Y60: 2 | Z60: 3 | AA60: 3 | AB60: 2 | AC60: 2 | AD60: 3 | AE60: 2 | AF60: 1 | AG60: 2 | AH60: 2 | AI60: 1 | AJ60: 2 | AK60: 0 | AL60: 2 | AM60: 2 | AN60: 3 | AO60: 2 | AP60: 3 | AQ60: 2 | AR60: 3 | AS60: 1 | AT60: 1 | AU60: 2 | AV60: 2 | AW60: 2 | AX60: 2 | AY60: 3 | AZ60: 2 | BA60: 2 | BB60: 1 | BC60: 1 | BD60: 3 | BE60: 0 | BF60: 1 | BG60: 0 | BH60: 2 | BI60: 2 | BJ60: 2
B61: CATAR | D61: 0 | E61: 2 | F61: 2 | G61: 0 | H61: 0 | I61: 1 | J61: 1 | K61: 1 | L61: 1 | M61: 0 | N61: 0 | O61: 0 | P61: 0 | Q61: 0 | R61: 0 | S61: 1 | T61: 1 | U61: 0 | V61: 1 | W61: 1 | X61: 1 | Y61: 0 | Z61: 1 | AA61: 1 | AB61: 0 | AC61: 0 | AD61: 0 | AE61: 0 | AF61: 1 | AG61: 0 | AH61: 0 | AI61: 2 | AJ61: 2 | AK61: 0 | AL61: 1 | AM61: 1 | AN61: 1 | AO61: 1 | AP61: 0 | AQ61: 1 | AR61: 1 | AS61: 2 | AT61: 0 | AU61: 0 | AV61: 2 | AW61: 0 | AX61: 0 | AY61: 1 | AZ61: 0 | BA61: 0 | BB61: 0 | BC61: 0 | BD61: 0 | BE61: 1 | BF61: 0 | BG61: 1 | BH61: 0 | BI61: 0 | BJ61: 0
B62: 46191 | C62: PUNTOS | D62: =IF($C60="",0,IF(AND(D60=$C60,D61=$C61),5,IF(OR(AND(D60-D61>0,$C60-$C61>0),AND(D61-D60>0,$C61-$C60>0),AND(D60-D61=0,$C60-$C61=0)),2,0)+IF(OR(D60=$C60,D61=$C61),1,0))) -> 0 | E62: =IF($C60="",0,IF(AND(E60=$C60,E61=$C61),5,IF(OR(AND(E60-E61>0,$C60-$C61>0),AND(E61-E60>0,$C61-$C60>0),AND(E60-E61=0,$C60-$C61=0)),2,0)+IF(OR(E60=$C60,E61=$C61),1,0))) -> 0 | F62: =IF($C60="",0,IF(AND(F60=$C60,F61=$C61),5,IF(OR(AND(F60-F61>0,$C60-$C61>0),AND(F61-F60>0,$C61-$C60>0),AND(F60-F61=0,$C60-$C61=0)),2,0)+IF(OR(F60=$C60,F61=$C61),1,0))) -> 0 | G62: =IF($C60="",0,IF(AND(G60=$C60,G61=$C61),5,IF(OR(AND(G60-G61>0,$C60-$C61>0),AND(G61-G60>0,$C61-$C60>0),AND(G60-G61=0,$C60-$C61=0)),2,0)+IF(OR(G60=$C60,G61=$C61),1,0))) -> 0 | H62: =IF($C60="",0,IF(AND(H60=$C60,H61=$C61),5,IF(OR(AND(H60-H61>0,$C60-$C61>0),AND(H61-H60>0,$C61-$C60>0),AND(H60-H61=0,$C60-$C61=0)),2,0)+IF(OR(H60=$C60,H61=$C61),1,0))) -> 0 | I62: =IF($C60="",0,IF(AND(I60=$C60,I61=$C61),5,IF(OR(AND(I60-I61>0,$C60-$C61>0),AND(I61-I60>0,$C61-$C60>0),AND(I60-I61=0,$C60-$C61=0)),2,0)+IF(OR(I60=$C60,I61=$C61),1,0))) -> 0 | J62: =IF($C60="",0,IF(AND(J60=$C60,J61=$C61),5,IF(OR(AND(J60-J61>0,$C60-$C61>0),AND(J61-J60>0,$C61-$C60>0),AND(J60-J61=0,$C60-$C61=0)),2,0)+IF(OR(J60=$C60,J61=$C61),1,0))) -> 0 | K62: =IF($C60="",0,IF(AND(K60=$C60,K61=$C61),5,IF(OR(AND(K60-K61>0,$C60-$C61>0),AND(K61-K60>0,$C61-$C60>0),AND(K60-K61=0,$C60-$C61=0)),2,0)+IF(OR(K60=$C60,K61=$C61),1,0))) -> 0 | ... BJ62: =IF($C60="",0,IF(AND(BJ60=$C60,BJ61=$C61),5,IF(OR(AND(BJ60-BJ61>0,$C60-$C61>0),AND(BJ61-BJ60>0,$C61-$C60>0),AND(BJ60-BJ61=0,$C60-$C61=0)),2,0)+IF(OR(BJ60=$C60,BJ61=$C61),1,0))) -> 0
B63: 0.70833333
A65: 51 | B65: SUIZA | D65: 1 | E65: 4 | F65: 0 | G65: 1 | H65: 1 | I65: 0 | J65: 1 | K65: 2 | L65: 1 | M65: 1 | N65: 1 | O65: 1 | P65: 2 | Q65: 1 | R65: 3 | S65: 1 | T65: 1 | U65: 3 | V65: 1 | W65: 2 | X65: 2 | Y65: 1 | Z65: 1 | AA65: 2 | AB65: 1 | AC65: 1 | AD65: 1 | AE65: 1 | AF65: 1 | AG65: 1 | AH65: 1 | AI65: 1 | AJ65: 2 | AK65: 1 | AL65: 3 | AM65: 2 | AN65: 2 | AO65: 1 | AP65: 2 | AQ65: 1 | AR65: 2 | AS65: 2 | AT65: 1 | AU65: 2 | AV65: 1 | AW65: 2 | AX65: 1 | AY65: 1 | AZ65: 1 | BA65: 3 | BB65: 0 | BC65: 1 | BD65: 0 | BE65: 2 | BF65: 2 | BG65: 2 | BH65: 1 | BI65: 1 | BJ65: 2
B66: CANADA | D66: 1 | E66: 3 | F66: 0 | G66: 1 | H66: 1 | I66: 0 | J66: 1 | K66: 1 | L66: 1 | M66: 1 | N66: 1 | O66: 1 | P66: 1 | Q66: 0 | R66: 1 | S66: 1 | T66: 1 | U66: 0 | V66: 1 | W66: 2 | X66: 1 | Y66: 1 | Z66: 1 | AA66: 2 | AB66: 1 | AC66: 1 | AD66: 1 | AE66: 1 | AF66: 1 | AG66: 1 | AH66: 0 | AI66: 2 | AJ66: 1 | AK66: 0 | AL66: 2 | AM66: 2 | AN66: 1 | AO66: 1 | AP66: 2 | AQ66: 1 | AR66: 2 | AS66: 0 | AT66: 1 | AU66: 1 | AV66: 0 | AW66: 1 | AX66: 1 | AY66: 1 | AZ66: 1 | BA66: 1 | BB66: 2 | BC66: 1 | BD66: 0 | BE66: 2 | BF66: 1 | BG66: 2 | BH66: 0 | BI66: 1 | BJ66: 2
B67: 46197 | C67: PUNTOS | D67: =IF($C65="",0,IF(AND(D65=$C65,D66=$C66),5,IF(OR(AND(D65-D66>0,$C65-$C66>0),AND(D66-D65>0,$C66-$C65>0),AND(D65-D66=0,$C65-$C66=0)),2,0)+IF(OR(D65=$C65,D66=$C66),1,0))) -> 0 | E67: =IF($C65="",0,IF(AND(E65=$C65,E66=$C66),5,IF(OR(AND(E65-E66>0,$C65-$C66>0),AND(E66-E65>0,$C66-$C65>0),AND(E65-E66=0,$C65-$C66=0)),2,0)+IF(OR(E65=$C65,E66=$C66),1,0))) -> 0 | F67: =IF($C65="",0,IF(AND(F65=$C65,F66=$C66),5,IF(OR(AND(F65-F66>0,$C65-$C66>0),AND(F66-F65>0,$C66-$C65>0),AND(F65-F66=0,$C65-$C66=0)),2,0)+IF(OR(F65=$C65,F66=$C66),1,0))) -> 0 | G67: =IF($C65="",0,IF(AND(G65=$C65,G66=$C66),5,IF(OR(AND(G65-G66>0,$C65-$C66>0),AND(G66-G65>0,$C66-$C65>0),AND(G65-G66=0,$C65-$C66=0)),2,0)+IF(OR(G65=$C65,G66=$C66),1,0))) -> 0 | H67: =IF($C65="",0,IF(AND(H65=$C65,H66=$C66),5,IF(OR(AND(H65-H66>0,$C65-$C66>0),AND(H66-H65>0,$C66-$C65>0),AND(H65-H66=0,$C65-$C66=0)),2,0)+IF(OR(H65=$C65,H66=$C66),1,0))) -> 0 | I67: =IF($C65="",0,IF(AND(I65=$C65,I66=$C66),5,IF(OR(AND(I65-I66>0,$C65-$C66>0),AND(I66-I65>0,$C66-$C65>0),AND(I65-I66=0,$C65-$C66=0)),2,0)+IF(OR(I65=$C65,I66=$C66),1,0))) -> 0 | J67: =IF($C65="",0,IF(AND(J65=$C65,J66=$C66),5,IF(OR(AND(J65-J66>0,$C65-$C66>0),AND(J66-J65>0,$C66-$C65>0),AND(J65-J66=0,$C65-$C66=0)),2,0)+IF(OR(J65=$C65,J66=$C66),1,0))) -> 0 | K67: =IF($C65="",0,IF(AND(K65=$C65,K66=$C66),5,IF(OR(AND(K65-K66>0,$C65-$C66>0),AND(K66-K65>0,$C66-$C65>0),AND(K65-K66=0,$C65-$C66=0)),2,0)+IF(OR(K65=$C65,K66=$C66),1,0))) -> 0 | ... BJ67: =IF($C65="",0,IF(AND(BJ65=$C65,BJ66=$C66),5,IF(OR(AND(BJ65-BJ66>0,$C65-$C66>0),AND(BJ66-BJ65>0,$C66-$C65>0),AND(BJ65-BJ66=0,$C65-$C66=0)),2,0)+IF(OR(BJ65=$C65,BJ66=$C66),1,0))) -> 0
B68: 0.58333333
A70: 52 | B70: BOSNIA | D70: 2 | E70: 1 | F70: 2 | G70: 1 | H70: 2 | I70: 2 | J70: 2 | K70: 0 | L70: 2 | M70: 2 | N70: 2 | O70: 2 | P70: 1 | Q70: 0 | R70: 2 | S70: 1 | T70: 1 | U70: 2 | V70: 2 | W70: 3 | X70: 1 | Y70: 2 | Z70: 2 | AA70: 1 | AB70: 2 | AC70: 2 | AD70: 1 | AE70: 2 | AF70: 1 | AG70: 1 | AH70: 2 | AI70: 3 | AJ70: 0 | AK70: 2 | AL70: 0 | AM70: 0 | AN70: 2 | AO70: 3 | AP70: 2 | AQ70: 2 | AR70: 2 | AS70: 2 | AT70: 2 | AU70: 1 | AV70: 0 | AW70: 2 | AX70: 1 | AY70: 2 | AZ70: 1 | BA70: 2 | BB70: 0 | BC70: 1 | BD70: 1 | BE70: 0 | BF70: 2 | BG70: 1 | BH70: 1 | BI70: 0 | BJ70: 2
B71: CATAR | D71: 1 | E71: 1 | F71: 1 | G71: 0 | H71: 1 | I71: 1 | J71: 1 | K71: 0 | L71: 1 | M71: 1 | N71: 1 | O71: 1 | P71: 1 | Q71: 0 | R71: 0 | S71: 1 | T71: 1 | U71: 0 | V71: 0 | W71: 0 | X71: 1 | Y71: 1 | Z71: 0 | AA71: 0 | AB71: 1 | AC71: 1 | AD71: 1 | AE71: 1 | AF71: 1 | AG71: 1 | AH71: 1 | AI71: 2 | AJ71: 2 | AK71: 0 | AL71: 1 | AM71: 2 | AN71: 0 | AO71: 1 | AP71: 0 | AQ71: 1 | AR71: 1 | AS71: 1 | AT71: 1 | AU71: 0 | AV71: 1 | AW71: 1 | AX71: 1 | AY71: 1 | AZ71: 0 | BA71: 0 | BB71: 1 | BC71: 1 | BD71: 0 | BE71: 2 | BF71: 0 | BG71: 1 | BH71: 0 | BI71: 1 | BJ71: 1
B72: 46197 | C72: PUNTOS | D72: =IF($C70="",0,IF(AND(D70=$C70,D71=$C71),5,IF(OR(AND(D70-D71>0,$C70-$C71>0),AND(D71-D70>0,$C71-$C70>0),AND(D70-D71=0,$C70-$C71=0)),2,0)+IF(OR(D70=$C70,D71=$C71),1,0))) -> 0 | E72: =IF($C70="",0,IF(AND(E70=$C70,E71=$C71),5,IF(OR(AND(E70-E71>0,$C70-$C71>0),AND(E71-E70>0,$C71-$C70>0),AND(E70-E71=0,$C70-$C71=0)),2,0)+IF(OR(E70=$C70,E71=$C71),1,0))) -> 0 | F72: =IF($C70="",0,IF(AND(F70=$C70,F71=$C71),5,IF(OR(AND(F70-F71>0,$C70-$C71>0),AND(F71-F70>0,$C71-$C70>0),AND(F70-F71=0,$C70-$C71=0)),2,0)+IF(OR(F70=$C70,F71=$C71),1,0))) -> 0 | G72: =IF($C70="",0,IF(AND(G70=$C70,G71=$C71),5,IF(OR(AND(G70-G71>0,$C70-$C71>0),AND(G71-G70>0,$C71-$C70>0),AND(G70-G71=0,$C70-$C71=0)),2,0)+IF(OR(G70=$C70,G71=$C71),1,0))) -> 0 | H72: =IF($C70="",0,IF(AND(H70=$C70,H71=$C71),5,IF(OR(AND(H70-H71>0,$C70-$C71>0),AND(H71-H70>0,$C71-$C70>0),AND(H70-H71=0,$C70-$C71=0)),2,0)+IF(OR(H70=$C70,H71=$C71),1,0))) -> 0 | I72: =IF($C70="",0,IF(AND(I70=$C70,I71=$C71),5,IF(OR(AND(I70-I71>0,$C70-$C71>0),AND(I71-I70>0,$C71-$C70>0),AND(I70-I71=0,$C70-$C71=0)),2,0)+IF(OR(I70=$C70,I71=$C71),1,0))) -> 0 | J72: =IF($C70="",0,IF(AND(J70=$C70,J71=$C71),5,IF(OR(AND(J70-J71>0,$C70-$C71>0),AND(J71-J70>0,$C71-$C70>0),AND(J70-J71=0,$C70-$C71=0)),2,0)+IF(OR(J70=$C70,J71=$C71),1,0))) -> 0 | K72: =IF($C70="",0,IF(AND(K70=$C70,K71=$C71),5,IF(OR(AND(K70-K71>0,$C70-$C71>0),AND(K71-K70>0,$C71-$C70>0),AND(K70-K71=0,$C70-$C71=0)),2,0)+IF(OR(K70=$C70,K71=$C71),1,0))) -> 0 | ... BJ72: =IF($C70="",0,IF(AND(BJ70=$C70,BJ71=$C71),5,IF(OR(AND(BJ70-BJ71>0,$C70-$C71>0),AND(BJ71-BJ70>0,$C71-$C70>0),AND(BJ70-BJ71=0,$C70-$C71=0)),2,0)+IF(OR(BJ70=$C70,BJ71=$C71),1,0))) -> 0
B73: 0.58333333
A77: GRUPO C: BRASIL, MARRUECOS, ESCOCIA, HAITI
D79: 1 | E79: 2 | F79: 3 | G79: 4 | H79: 5 | I79: 6 | J79: 7 | K79: 8 | L79: 9 | M79: 10 | N79: 11 | O79: 13 | P79: 14 | Q79: 15 | R79: 16 | S79: 17 | T79: 18 | U79: 19 | V79: 20 | W79: 21 | X79: 22 | Y79: 24 | Z79: 25 | AA79: 26 | AB79: 27 | AC79: 29 | AD79: 30 | AE79: 32 | AF79: 33 | AG79: 34 | AH79: 35 | AI79: 36 | AJ79: 37 | AK79: 38 | AL79: 39 | AM79: 40 | AN79: 41 | AO79: 42 | AP79: 44 | AQ79: 67 | AR79: 48 | AS79: 49 | AT79: 51 | AU79: 52 | AV79: 53 | AW79: 54 | AX79: 55 | AY79: 56 | AZ79: 57 | BA79: 58 | BB79: 59 | BC79: 60 | BD79: 61 | BE79: 62 | BF79: 63 | BG79: 64 | BH79: 65 | BI79: 66 | BJ79: 67
B80: EQUIPO | C80: MARCADOR | D80: =D8 -> Julian Uribe | E80: =E8 -> Yulian Sanchez | F80: =F8 -> Francisco Moreno | G80: =G8 -> Mauricio Guerrero | H80: =H8 -> Gustavo Guerrero | I80: =I8 -> Gerardo Martinez | J80: =J8 -> Nora Perez | K80: =K8 -> Laura Rodriguez | ... BJ80: =BJ8 -> Angelica Maria Panesso
A81: 7 | B81: BRASIL | D81: 3 | E81: 2 | F81: 3 | G81: 2 | H81: 2 | I81: 3 | J81: 3 | K81: 2 | L81: 2 | M81: 2 | N81: 2 | O81: 3 | P81: 3 | Q81: 2 | R81: 4 | S81: 2 | T81: 2 | U81: 3 | V81: 3 | W81: 2 | X81: 1 | Y81: 2 | Z81: 3 | AA81: 2 | AB81: 4 | AC81: 2 | AD81: 7 | AE81: 3 | AF81: 3 | AG81: 2 | AH81: 2 | AI81: 5 | AJ81: 3 | AK81: 2 | AL81: 3 | AM81: 3 | AN81: 4 | AO81: 2 | AP81: 2 | AQ81: 2 | AR81: 3 | AS81: 2 | AT81: 1 | AU81: 2 | AV81: 3 | AW81: 2 | AX81: 3 | AY81: 3 | AZ81: 2 | BA81: 1 | BB81: 1 | BC81: 2 | BD81: 3 | BE81: 2 | BF81: 2 | BG81: 3 | BH81: 2 | BI81: 3 | BJ81: 2
B82: MARRUECOS | D82: 1 | E82: 2 | F82: 1 | G82: 1 | H82: 1 | I82: 1 | J82: 0 | K82: 1 | L82: 1 | M82: 2 | N82: 1 | O82: 0 | P82: 1 | Q82: 2 | R82: 0 | S82: 1 | T82: 0 | U82: 0 | V82: 0 | W82: 1 | X82: 2 | Y82: 1 | Z82: 0 | AA82: 2 | AB82: 0 | AC82: 1 | AD82: 0 | AE82: 1 | AF82: 1 | AG82: 1 | AH82: 1 | AI82: 3 | AJ82: 0 | AK82: 1 | AL82: 2 | AM82: 0 | AN82: 0 | AO82: 0 | AP82: 1 | AQ82: 0 | AR82: 1 | AS82: 1 | AT82: 1 | AU82: 0 | AV82: 1 | AW82: 1 | AX82: 0 | AY82: 1 | AZ82: 2 | BA82: 0 | BB82: 1 | BC82: 0 | BD82: 2 | BE82: 1 | BF82: 2 | BG82: 0 | BH82: 2 | BI82: 1 | BJ82: 1
B83: 46186 | C83: PUNTOS | D83: =IF($C81="",0,IF(AND(D81=$C81,D82=$C82),5,IF(OR(AND(D81-D82>0,$C81-$C82>0),AND(D82-D81>0,$C82-$C81>0),AND(D81-D82=0,$C81-$C82=0)),2,0)+IF(OR(D81=$C81,D82=$C82),1,0))) -> 0 | E83: =IF($C81="",0,IF(AND(E81=$C81,E82=$C82),5,IF(OR(AND(E81-E82>0,$C81-$C82>0),AND(E82-E81>0,$C82-$C81>0),AND(E81-E82=0,$C81-$C82=0)),2,0)+IF(OR(E81=$C81,E82=$C82),1,0))) -> 0 | F83: =IF($C81="",0,IF(AND(F81=$C81,F82=$C82),5,IF(OR(AND(F81-F82>0,$C81-$C82>0),AND(F82-F81>0,$C82-$C81>0),AND(F81-F82=0,$C81-$C82=0)),2,0)+IF(OR(F81=$C81,F82=$C82),1,0))) -> 0 | G83: =IF($C81="",0,IF(AND(G81=$C81,G82=$C82),5,IF(OR(AND(G81-G82>0,$C81-$C82>0),AND(G82-G81>0,$C82-$C81>0),AND(G81-G82=0,$C81-$C82=0)),2,0)+IF(OR(G81=$C81,G82=$C82),1,0))) -> 0 | H83: =IF($C81="",0,IF(AND(H81=$C81,H82=$C82),5,IF(OR(AND(H81-H82>0,$C81-$C82>0),AND(H82-H81>0,$C82-$C81>0),AND(H81-H82=0,$C81-$C82=0)),2,0)+IF(OR(H81=$C81,H82=$C82),1,0))) -> 0 | I83: =IF($C81="",0,IF(AND(I81=$C81,I82=$C82),5,IF(OR(AND(I81-I82>0,$C81-$C82>0),AND(I82-I81>0,$C82-$C81>0),AND(I81-I82=0,$C81-$C82=0)),2,0)+IF(OR(I81=$C81,I82=$C82),1,0))) -> 0 | J83: =IF($C81="",0,IF(AND(J81=$C81,J82=$C82),5,IF(OR(AND(J81-J82>0,$C81-$C82>0),AND(J82-J81>0,$C82-$C81>0),AND(J81-J82=0,$C81-$C82=0)),2,0)+IF(OR(J81=$C81,J82=$C82),1,0))) -> 0 | K83: =IF($C81="",0,IF(AND(K81=$C81,K82=$C82),5,IF(OR(AND(K81-K82>0,$C81-$C82>0),AND(K82-K81>0,$C82-$C81>0),AND(K81-K82=0,$C81-$C82=0)),2,0)+IF(OR(K81=$C81,K82=$C82),1,0))) -> 0 | ... BJ83: =IF($C81="",0,IF(AND(BJ81=$C81,BJ82=$C82),5,IF(OR(AND(BJ81-BJ82>0,$C81-$C82>0),AND(BJ82-BJ81>0,$C82-$C81>0),AND(BJ81-BJ82=0,$C81-$C82=0)),2,0)+IF(OR(BJ81=$C81,BJ82=$C82),1,0))) -> 0
B84: 0.70833333
A86: 5 | B86: HAITI | D86: 0 | E86: 1 | F86: 0 | G86: 0 | H86: 0 | I86: 0 | J86: 0 | K86: 0 | L86: 0 | M86: 0 | N86: 0 | O86: 0 | P86: 0 | Q86: 1 | R86: 0 | S86: 0 | T86: 0 | U86: 0 | V86: 0 | W86: 0 | X86: 1 | Y86: 0 | Z86: 0 | AA86: 1 | AB86: 0 | AC86: 0 | AD86: 1 | AE86: 0 | AF86: 0 | AG86: 0 | AH86: 0 | AI86: 4 | AJ86: 0 | AK86: 0 | AL86: 0 | AM86: 1 | AN86: 0 | AO86: 0 | AP86: 0 | AQ86: 0 | AR86: 0 | AS86: 0 | AT86: 0 | AU86: 0 | AV86: 1 | AW86: 1 | AX86: 1 | AY86: 0 | AZ86: 0 | BA86: 0 | BB86: 0 | BC86: 1 | BD86: 0 | BE86: 0 | BF86: 0 | BG86: 2 | BH86: 0 | BI86: 0 | BJ86: 0
B87: ESCOCIA | D87: 2 | E87: 2 | F87: 3 | G87: 2 | H87: 2 | I87: 4 | J87: 1 | K87: 4 | L87: 2 | M87: 2 | N87: 2 | O87: 2 | P87: 1 | Q87: 0 | R87: 1 | S87: 2 | T87: 2 | U87: 3 | V87: 2 | W87: 3 | X87: 1 | Y87: 2 | Z87: 2 | AA87: 3 | AB87: 3 | AC87: 2 | AD87: 3 | AE87: 3 | AF87: 2 | AG87: 2 | AH87: 2 | AI87: 1 | AJ87: 6 | AK87: 2 | AL87: 2 | AM87: 2 | AN87: 2 | AO87: 3 | AP87: 2 | AQ87: 2 | AR87: 2 | AS87: 2 | AT87: 2 | AU87: 2 | AV87: 3 | AW87: 2 | AX87: 2 | AY87: 2 | AZ87: 2 | BA87: 2 | BB87: 2 | BC87: 2 | BD87: 2 | BE87: 1 | BF87: 2 | BG87: 1 | BH87: 2 | BI87: 4 | BJ87: 1
B88: 46186 | C88: PUNTOS | D88: =IF($C86="",0,IF(AND(D86=$C86,D87=$C87),5,IF(OR(AND(D86-D87>0,$C86-$C87>0),AND(D87-D86>0,$C87-$C86>0),AND(D86-D87=0,$C86-$C87=0)),2,0)+IF(OR(D86=$C86,D87=$C87),1,0))) -> 0 | E88: =IF($C86="",0,IF(AND(E86=$C86,E87=$C87),5,IF(OR(AND(E86-E87>0,$C86-$C87>0),AND(E87-E86>0,$C87-$C86>0),AND(E86-E87=0,$C86-$C87=0)),2,0)+IF(OR(E86=$C86,E87=$C87),1,0))) -> 0 | F88: =IF($C86="",0,IF(AND(F86=$C86,F87=$C87),5,IF(OR(AND(F86-F87>0,$C86-$C87>0),AND(F87-F86>0,$C87-$C86>0),AND(F86-F87=0,$C86-$C87=0)),2,0)+IF(OR(F86=$C86,F87=$C87),1,0))) -> 0 | G88: =IF($C86="",0,IF(AND(G86=$C86,G87=$C87),5,IF(OR(AND(G86-G87>0,$C86-$C87>0),AND(G87-G86>0,$C87-$C86>0),AND(G86-G87=0,$C86-$C87=0)),2,0)+IF(OR(G86=$C86,G87=$C87),1,0))) -> 0 | H88: =IF($C86="",0,IF(AND(H86=$C86,H87=$C87),5,IF(OR(AND(H86-H87>0,$C86-$C87>0),AND(H87-H86>0,$C87-$C86>0),AND(H86-H87=0,$C86-$C87=0)),2,0)+IF(OR(H86=$C86,H87=$C87),1,0))) -> 0 | I88: =IF($C86="",0,IF(AND(I86=$C86,I87=$C87),5,IF(OR(AND(I86-I87>0,$C86-$C87>0),AND(I87-I86>0,$C87-$C86>0),AND(I86-I87=0,$C86-$C87=0)),2,0)+IF(OR(I86=$C86,I87=$C87),1,0))) -> 0 | J88: =IF($C86="",0,IF(AND(J86=$C86,J87=$C87),5,IF(OR(AND(J86-J87>0,$C86-$C87>0),AND(J87-J86>0,$C87-$C86>0),AND(J86-J87=0,$C86-$C87=0)),2,0)+IF(OR(J86=$C86,J87=$C87),1,0))) -> 0 | K88: =IF($C86="",0,IF(AND(K86=$C86,K87=$C87),5,IF(OR(AND(K86-K87>0,$C86-$C87>0),AND(K87-K86>0,$C87-$C86>0),AND(K86-K87=0,$C86-$C87=0)),2,0)+IF(OR(K86=$C86,K87=$C87),1,0))) -> 0 | ... BJ88: =IF($C86="",0,IF(AND(BJ86=$C86,BJ87=$C87),5,IF(OR(AND(BJ86-BJ87>0,$C86-$C87>0),AND(BJ87-BJ86>0,$C87-$C86>0),AND(BJ86-BJ87=0,$C86-$C87=0)),2,0)+IF(OR(BJ86=$C86,BJ87=$C87),1,0))) -> 0
B89: 0.75
A91: 30 | B91: ESCOCIA | D91: 0 | E91: 1 | F91: 1 | G91: 0 | H91: 1 | I91: 2 | J91: 1 | K91: 0 | L91: 0 | M91: 1 | N91: 1 | O91: 1 | P91: 1 | Q91: 1 | R91: 0 | S91: 0 | T91: 1 | U91: 1 | V91: 1 | W91: 1 | X91: 0 | Y91: 1 | Z91: 1 | AA91: 0 | AB91: 0 | AC91: 1 | AD91: 2 | AE91: 1 | AF91: 1 | AG91: 1 | AH91: 1 | AI91: 2 | AJ91: 1 | AK91: 1 | AL91: 2 | AM91: 1 | AN91: 0 | AO91: 1 | AP91: 0 | AQ91: 1 | AR91: 1 | AS91: 0 | AT91: 0 | AU91: 1 | AV91: 2 | AW91: 0 | AX91: 2 | AY91: 1 | AZ91: 0 | BA91: 1 | BB91: 0 | BC91: 1 | BD91: 1 | BE91: 1 | BF91: 0 | BG91: 2 | BH91: 0 | BI91: 1 | BJ91: 0
B92: MARRUECOS | D92: 1 | E92: 2 | F92: 2 | G92: 2 | H92: 1 | I92: 2 | J92: 2 | K92: 2 | L92: 1 | M92: 2 | N92: 2 | O92: 1 | P92: 1 | Q92: 3 | R92: 1 | S92: 1 | T92: 2 | U92: 1 | V92: 1 | W92: 3 | X92: 3 | Y92: 2 | Z92: 1 | AA92: 3 | AB92: 2 | AC92: 1 | AD92: 0 | AE92: 1 | AF92: 1 | AG92: 1 | AH92: 1 | AI92: 3 | AJ92: 1 | AK92: 1 | AL92: 0 | AM92: 1 | AN92: 1 | AO92: 2 | AP92: 1 | AQ92: 1 | AR92: 3 | AS92: 3 | AT92: 1 | AU92: 1 | AV92: 1 | AW92: 2 | AX92: 2 | AY92: 1 | AZ92: 3 | BA92: 2 | BB92: 3 | BC92: 1 | BD92: 2 | BE92: 1 | BF92: 2 | BG92: 1 | BH92: 1 | BI92: 1 | BJ92: 2
B93: 46192 | C93: PUNTOS | D93: =IF($C91="",0,IF(AND(D91=$C91,D92=$C92),5,IF(OR(AND(D91-D92>0,$C91-$C92>0),AND(D92-D91>0,$C92-$C91>0),AND(D91-D92=0,$C91-$C92=0)),2,0)+IF(OR(D91=$C91,D92=$C92),1,0))) -> 0 | E93: =IF($C91="",0,IF(AND(E91=$C91,E92=$C92),5,IF(OR(AND(E91-E92>0,$C91-$C92>0),AND(E92-E91>0,$C92-$C91>0),AND(E91-E92=0,$C91-$C92=0)),2,0)+IF(OR(E91=$C91,E92=$C92),1,0))) -> 0 | F93: =IF($C91="",0,IF(AND(F91=$C91,F92=$C92),5,IF(OR(AND(F91-F92>0,$C91-$C92>0),AND(F92-F91>0,$C92-$C91>0),AND(F91-F92=0,$C91-$C92=0)),2,0)+IF(OR(F91=$C91,F92=$C92),1,0))) -> 0 | G93: =IF($C91="",0,IF(AND(G91=$C91,G92=$C92),5,IF(OR(AND(G91-G92>0,$C91-$C92>0),AND(G92-G91>0,$C92-$C91>0),AND(G91-G92=0,$C91-$C92=0)),2,0)+IF(OR(G91=$C91,G92=$C92),1,0))) -> 0 | H93: =IF($C91="",0,IF(AND(H91=$C91,H92=$C92),5,IF(OR(AND(H91-H92>0,$C91-$C92>0),AND(H92-H91>0,$C92-$C91>0),AND(H91-H92=0,$C91-$C92=0)),2,0)+IF(OR(H91=$C91,H92=$C92),1,0))) -> 0 | I93: =IF($C91="",0,IF(AND(I91=$C91,I92=$C92),5,IF(OR(AND(I91-I92>0,$C91-$C92>0),AND(I92-I91>0,$C92-$C91>0),AND(I91-I92=0,$C91-$C92=0)),2,0)+IF(OR(I91=$C91,I92=$C92),1,0))) -> 0 | J93: =IF($C91="",0,IF(AND(J91=$C91,J92=$C92),5,IF(OR(AND(J91-J92>0,$C91-$C92>0),AND(J92-J91>0,$C92-$C91>0),AND(J91-J92=0,$C91-$C92=0)),2,0)+IF(OR(J91=$C91,J92=$C92),1,0))) -> 0 | K93: =IF($C91="",0,IF(AND(K91=$C91,K92=$C92),5,IF(OR(AND(K91-K92>0,$C91-$C92>0),AND(K92-K91>0,$C92-$C91>0),AND(K91-K92=0,$C91-$C92=0)),2,0)+IF(OR(K91=$C91,K92=$C92),1,0))) -> 0 | ... BJ93: =IF($C91="",0,IF(AND(BJ91=$C91,BJ92=$C92),5,IF(OR(AND(BJ91-BJ92>0,$C91-$C92>0),AND(BJ92-BJ91>0,$C92-$C91>0),AND(BJ91-BJ92=0,$C91-$C92=0)),2,0)+IF(OR(BJ91=$C91,BJ92=$C92),1,0))) -> 0
B94: 0.70833333
A96: 29 | B96: BRASIL | D96: 5 | E96: 4 | F96: 3 | G96: 5 | H96: 4 | I96: 6 | J96: 4 | K96: 5 | L96: 4 | M96: 5 | N96: 5 | O96: 4 | P96: 5 | Q96: 5 | R96: 4 | S96: 4 | T96: 3 | U96: 5 | V96: 4 | W96: 6 | X96: 4 | Y96: 4 | Z96: 4 | AA96: 4 | AB96: 3 | AC96: 3 | AD96: 5 | AE96: 4 | AF96: 4 | AG96: 3 | AH96: 3 | AI96: 2 | AJ96: 10 | AK96: 3 | AL96: 3 | AM96: 3 | AN96: 4 | AO96: 4 | AP96: 3 | AQ96: 4 | AR96: 5 | AS96: 3 | AT96: 2 | AU96: 3 | AV96: 3 | AW96: 5 | AX96: 4 | AY96: 4 | AZ96: 4 | BA96: 4 | BB96: 3 | BC96: 3 | BD96: 4 | BE96: 3 | BF96: 3 | BG96: 0 | BH96: 5 | BI96: 5 | BJ96: 1
B97: HAITI | D97: 0 | E97: 0 | F97: 0 | G97: 0 | H97: 0 | I97: 1 | J97: 0 | K97: 0 | L97: 0 | M97: 0 | N97: 0 | O97: 0 | P97: 0 | Q97: 0 | R97: 0 | S97: 0 | T97: 0 | U97: 0 | V97: 0 | W97: 0 | X97: 1 | Y97: 0 | Z97: 0 | AA97: 1 | AB97: 0 | AC97: 0 | AD97: 0 | AE97: 0 | AF97: 0 | AG97: 0 | AH97: 0 | AI97: 3 | AJ97: 0 | AK97: 0 | AL97: 0 | AM97: 0 | AN97: 0 | AO97: 0 | AP97: 0 | AQ97: 0 | AR97: 0 | AS97: 1 | AT97: 0 | AU97: 0 | AV97: 0 | AW97: 0 | AX97: 1 | AY97: 0 | AZ97: 0 | BA97: 0 | BB97: 0 | BC97: 0 | BD97: 0 | BE97: 0 | BF97: 0 | BG97: 2 | BH97: 0 | BI97: 0 | BJ97: 0
B98: 46192 | C98: PUNTOS | D98: =IF($C96="",0,IF(AND(D96=$C96,D97=$C97),5,IF(OR(AND(D96-D97>0,$C96-$C97>0),AND(D97-D96>0,$C97-$C96>0),AND(D96-D97=0,$C96-$C97=0)),2,0)+IF(OR(D96=$C96,D97=$C97),1,0))) -> 0 | E98: =IF($C96="",0,IF(AND(E96=$C96,E97=$C97),5,IF(OR(AND(E96-E97>0,$C96-$C97>0),AND(E97-E96>0,$C97-$C96>0),AND(E96-E97=0,$C96-$C97=0)),2,0)+IF(OR(E96=$C96,E97=$C97),1,0))) -> 0 | F98: =IF($C96="",0,IF(AND(F96=$C96,F97=$C97),5,IF(OR(AND(F96-F97>0,$C96-$C97>0),AND(F97-F96>0,$C97-$C96>0),AND(F96-F97=0,$C96-$C97=0)),2,0)+IF(OR(F96=$C96,F97=$C97),1,0))) -> 0 | G98: =IF($C96="",0,IF(AND(G96=$C96,G97=$C97),5,IF(OR(AND(G96-G97>0,$C96-$C97>0),AND(G97-G96>0,$C97-$C96>0),AND(G96-G97=0,$C96-$C97=0)),2,0)+IF(OR(G96=$C96,G97=$C97),1,0))) -> 0 | H98: =IF($C96="",0,IF(AND(H96=$C96,H97=$C97),5,IF(OR(AND(H96-H97>0,$C96-$C97>0),AND(H97-H96>0,$C97-$C96>0),AND(H96-H97=0,$C96-$C97=0)),2,0)+IF(OR(H96=$C96,H97=$C97),1,0))) -> 0 | I98: =IF($C96="",0,IF(AND(I96=$C96,I97=$C97),5,IF(OR(AND(I96-I97>0,$C96-$C97>0),AND(I97-I96>0,$C97-$C96>0),AND(I96-I97=0,$C96-$C97=0)),2,0)+IF(OR(I96=$C96,I97=$C97),1,0))) -> 0 | J98: =IF($C96="",0,IF(AND(J96=$C96,J97=$C97),5,IF(OR(AND(J96-J97>0,$C96-$C97>0),AND(J97-J96>0,$C97-$C96>0),AND(J96-J97=0,$C96-$C97=0)),2,0)+IF(OR(J96=$C96,J97=$C97),1,0))) -> 0 | K98: =IF($C96="",0,IF(AND(K96=$C96,K97=$C97),5,IF(OR(AND(K96-K97>0,$C96-$C97>0),AND(K97-K96>0,$C97-$C96>0),AND(K96-K97=0,$C96-$C97=0)),2,0)+IF(OR(K96=$C96,K97=$C97),1,0))) -> 0 | ... BJ98: =IF($C96="",0,IF(AND(BJ96=$C96,BJ97=$C97),5,IF(OR(AND(BJ96-BJ97>0,$C96-$C97>0),AND(BJ97-BJ96>0,$C97-$C96>0),AND(BJ96-BJ97=0,$C96-$C97=0)),2,0)+IF(OR(BJ96=$C96,BJ97=$C97),1,0))) -> 0
B99: 0.8125
A101: 49 | B101: ESCOCIA | D101: 0 | E101: 0 | F101: 1 | G101: 0 | H101: 0 | I101: 2 | J101: 0 | K101: 1 | L101: 0 | M101: 1 | N101: 0 | O101: 1 | P101: 1 | Q101: 1 | R101: 1 | S101: 0 | T101: 0 | U101: 1 | V101: 0 | W101: 1 | X101: 0 | Y101: 1 | Z101: 0 | AA101: 3 | AB101: 0 | AC101: 0 | AD101: 2 | AE101: 1 | AF101: 0 | AG101: 0 | AH101: 1 | AI101: 3 | AJ101: 0 | AK101: 1 | AL101: 1 | AM101: 1 | AN101: 0 | AO101: 0 | AP101: 0 | AQ101: 1 | AR101: 0 | AS101: 1 | AT101: 1 | AU101: 1 | AV101: 1 | AW101: 0 | AX101: 1 | AY101: 0 | AZ101: 0 | BA101: 0 | BB101: 0 | BC101: 1 | BD101: 0 | BE101: 0 | BF101: 0 | BG101: 0 | BH101: 0 | BI101: 1 | BJ101: 0
B102: BRASIL | D102: 2 | E102: 2 | F102: 3 | G102: 2 | H102: 2 | I102: 3 | J102: 2 | K102: 2 | L102: 2 | M102: 2 | N102: 2 | O102: 3 | P102: 3 | Q102: 2 | R102: 3 | S102: 2 | T102: 2 | U102: 3 | V102: 2 | W102: 3 | X102: 2 | Y102: 2 | Z102: 2 | AA102: 0 | AB102: 3 | AC102: 2 | AD102: 3 | AE102: 3 | AF102: 2 | AG102: 2 | AH102: 3 | AI102: 3 | AJ102: 3 | AK102: 3 | AL102: 2 | AM102: 2 | AN102: 3 | AO102: 3 | AP102: 2 | AQ102: 2 | AR102: 3 | AS102: 3 | AT102: 1 | AU102: 1 | AV102: 2 | AW102: 3 | AX102: 2 | AY102: 2 | AZ102: 3 | BA102: 2 | BB102: 4 | BC102: 2 | BD102: 2 | BE102: 2 | BF102: 2 | BG102: 2 | BH102: 2 | BI102: 1 | BJ102: 2
B103: 46197 | C103: PUNTOS | D103: =IF($C101="",0,IF(AND(D101=$C101,D102=$C102),5,IF(OR(AND(D101-D102>0,$C101-$C102>0),AND(D102-D101>0,$C102-$C101>0),AND(D101-D102=0,$C101-$C102=0)),2,0)+IF(OR(D101=$C101,D102=$C102),1,0))) -> 0 | E103: =IF($C101="",0,IF(AND(E101=$C101,E102=$C102),5,IF(OR(AND(E101-E102>0,$C101-$C102>0),AND(E102-E101>0,$C102-$C101>0),AND(E101-E102=0,$C101-$C102=0)),2,0)+IF(OR(E101=$C101,E102=$C102),1,0))) -> 0 | F103: =IF($C101="",0,IF(AND(F101=$C101,F102=$C102),5,IF(OR(AND(F101-F102>0,$C101-$C102>0),AND(F102-F101>0,$C102-$C101>0),AND(F101-F102=0,$C101-$C102=0)),2,0)+IF(OR(F101=$C101,F102=$C102),1,0))) -> 0 | G103: =IF($C101="",0,IF(AND(G101=$C101,G102=$C102),5,IF(OR(AND(G101-G102>0,$C101-$C102>0),AND(G102-G101>0,$C102-$C101>0),AND(G101-G102=0,$C101-$C102=0)),2,0)+IF(OR(G101=$C101,G102=$C102),1,0))) -> 0 | H103: =IF($C101="",0,IF(AND(H101=$C101,H102=$C102),5,IF(OR(AND(H101-H102>0,$C101-$C102>0),AND(H102-H101>0,$C102-$C101>0),AND(H101-H102=0,$C101-$C102=0)),2,0)+IF(OR(H101=$C101,H102=$C102),1,0))) -> 0 | I103: =IF($C101="",0,IF(AND(I101=$C101,I102=$C102),5,IF(OR(AND(I101-I102>0,$C101-$C102>0),AND(I102-I101>0,$C102-$C101>0),AND(I101-I102=0,$C101-$C102=0)),2,0)+IF(OR(I101=$C101,I102=$C102),1,0))) -> 0 | J103: =IF($C101="",0,IF(AND(J101=$C101,J102=$C102),5,IF(OR(AND(J101-J102>0,$C101-$C102>0),AND(J102-J101>0,$C102-$C101>0),AND(J101-J102=0,$C101-$C102=0)),2,0)+IF(OR(J101=$C101,J102=$C102),1,0))) -> 0 | K103: =IF($C101="",0,IF(AND(K101=$C101,K102=$C102),5,IF(OR(AND(K101-K102>0,$C101-$C102>0),AND(K102-K101>0,$C102-$C101>0),AND(K101-K102=0,$C101-$C102=0)),2,0)+IF(OR(K101=$C101,K102=$C102),1,0))) -> 0 | ... BJ103: =IF($C101="",0,IF(AND(BJ101=$C101,BJ102=$C102),5,IF(OR(AND(BJ101-BJ102>0,$C101-$C102>0),AND(BJ102-BJ101>0,$C102-$C101>0),AND(BJ101-BJ102=0,$C101-$C102=0)),2,0)+IF(OR(BJ101=$C101,BJ102=$C102),1,0))) -> 0
B104: 0.70833333
A106: 50 | B106: MARRUECOS | D106: 3 | E106: 3 | F106: 1 | G106: 4 | H106: 3 | I106: 4 | J106: 2 | K106: 3 | L106: 3 | M106: 3 | N106: 3 | O106: 2 | P106: 2 | Q106: 4 | R106: 3 | S106: 3 | T106: 2 | U106: 4 | V106: 2 | W106: 3 | X106: 3 | Y106: 3 | Z106: 2 | AA106: 2 | AB106: 2 | AC106: 3 | AD106: 1 | AE106: 2 | AF106: 2 | AG106: 2 | AH106: 2 | AI106: 4 | AJ106: 5 | AK106: 2 | AL106: 2 | AM106: 2 | AN106: 2 | AO106: 4 | AP106: 2 | AQ106: 3 | AR106: 3 | AS106: 3 | AT106: 2 | AU106: 2 | AV106: 3 | AW106: 3 | AX106: 2 | AY106: 3 | AZ106: 3 | BA106: 4 | BB106: 3 | BC106: 2 | BD106: 2 | BE106: 1 | BF106: 3 | BG106: 2 | BH106: 3 | BI106: 2 | BJ106: 2
B107: HAITI | D107: 0 | E107: 1 | F107: 0 | G107: 0 | H107: 0 | I107: 0 | J107: 0 | K107: 0 | L107: 0 | M107: 0 | N107: 0 | O107: 0 | P107: 1 | Q107: 1 | R107: 0 | S107: 0 | T107: 0 | U107: 0 | V107: 0 | W107: 1 | X107: 0 | Y107: 0 | Z107: 1 | AA107: 0 | AB107: 0 | AC107: 0 | AD107: 1 | AE107: 0 | AF107: 0 | AG107: 0 | AH107: 0 | AI107: 1 | AJ107: 0 | AK107: 0 | AL107: 2 | AM107: 2 | AN107: 0 | AO107: 1 | AP107: 0 | AQ107: 0 | AR107: 0 | AS107: 1 | AT107: 0 | AU107: 0 | AV107: 1 | AW107: 0 | AX107: 0 | AY107: 0 | AZ107: 0 | BA107: 0 | BB107: 0 | BC107: 0 | BD107: 0 | BE107: 0 | BF107: 0 | BG107: 1 | BH107: 0 | BI107: 0 | BJ107: 1
B108: 46197 | C108: PUNTOS | D108: =IF($C106="",0,IF(AND(D106=$C106,D107=$C107),5,IF(OR(AND(D106-D107>0,$C106-$C107>0),AND(D107-D106>0,$C107-$C106>0),AND(D106-D107=0,$C106-$C107=0)),2,0)+IF(OR(D106=$C106,D107=$C107),1,0))) -> 0 | E108: =IF($C106="",0,IF(AND(E106=$C106,E107=$C107),5,IF(OR(AND(E106-E107>0,$C106-$C107>0),AND(E107-E106>0,$C107-$C106>0),AND(E106-E107=0,$C106-$C107=0)),2,0)+IF(OR(E106=$C106,E107=$C107),1,0))) -> 0 | F108: =IF($C106="",0,IF(AND(F106=$C106,F107=$C107),5,IF(OR(AND(F106-F107>0,$C106-$C107>0),AND(F107-F106>0,$C107-$C106>0),AND(F106-F107=0,$C106-$C107=0)),2,0)+IF(OR(F106=$C106,F107=$C107),1,0))) -> 0 | G108: =IF($C106="",0,IF(AND(G106=$C106,G107=$C107),5,IF(OR(AND(G106-G107>0,$C106-$C107>0),AND(G107-G106>0,$C107-$C106>0),AND(G106-G107=0,$C106-$C107=0)),2,0)+IF(OR(G106=$C106,G107=$C107),1,0))) -> 0 | H108: =IF($C106="",0,IF(AND(H106=$C106,H107=$C107),5,IF(OR(AND(H106-H107>0,$C106-$C107>0),AND(H107-H106>0,$C107-$C106>0),AND(H106-H107=0,$C106-$C107=0)),2,0)+IF(OR(H106=$C106,H107=$C107),1,0))) -> 0 | I108: =IF($C106="",0,IF(AND(I106=$C106,I107=$C107),5,IF(OR(AND(I106-I107>0,$C106-$C107>0),AND(I107-I106>0,$C107-$C106>0),AND(I106-I107=0,$C106-$C107=0)),2,0)+IF(OR(I106=$C106,I107=$C107),1,0))) -> 0 | J108: =IF($C106="",0,IF(AND(J106=$C106,J107=$C107),5,IF(OR(AND(J106-J107>0,$C106-$C107>0),AND(J107-J106>0,$C107-$C106>0),AND(J106-J107=0,$C106-$C107=0)),2,0)+IF(OR(J106=$C106,J107=$C107),1,0))) -> 0 | K108: =IF($C106="",0,IF(AND(K106=$C106,K107=$C107),5,IF(OR(AND(K106-K107>0,$C106-$C107>0),AND(K107-K106>0,$C107-$C106>0),AND(K106-K107=0,$C106-$C107=0)),2,0)+IF(OR(K106=$C106,K107=$C107),1,0))) -> 0 | ... BJ108: =IF($C106="",0,IF(AND(BJ106=$C106,BJ107=$C107),5,IF(OR(AND(BJ106-BJ107>0,$C106-$C107>0),AND(BJ107-BJ106>0,$C107-$C106>0),AND(BJ106-BJ107=0,$C106-$C107=0)),2,0)+IF(OR(BJ106=$C106,BJ107=$C107),1,0))) -> 0
B109: 0.70833333
A113: GRUPO D: ESTADOS UNIDOS, PARAGUAY, AUSTRALIA, TURQUIA
D115: 1 | E115: 2 | F115: 3 | G115: 4 | H115: 5 | I115: 6 | J115: 7 | K115: 8 | L115: 9 | M115: 10 | N115: 11 | O115: 13 | P115: 14 | Q115: 15 | R115: 16 | S115: 17 | T115: 18 | U115: 19 | V115: 20 | W115: 21 | X115: 22 | Y115: 24 | Z115: 25 | AA115: 26 | AB115: 27 | AC115: 29 | AD115: 30 | AE115: 32 | AF115: 33 | AG115: 34 | AH115: 35 | AI115: 36 | AJ115: 37 | AK115: 38 | AL115: 39 | AM115: 40 | AN115: 41 | AO115: 42 | AP115: 44 | AQ115: 67 | AR115: 48 | AS115: 49 | AT115: 51 | AU115: 52 | AV115: 53 | AW115: 54 | AX115: 55 | AY115: 56 | AZ115: 57 | BA115: 58 | BB115: 59 | BC115: 60 | BD115: 61 | BE115: 62 | BF115: 63 | BG115: 64 | BH115: 65 | BI115: 66 | BJ115: 67
B116: EQUIPO | C116: MARCADOR | D116: =D8 -> Julian Uribe | E116: =E8 -> Yulian Sanchez | F116: =F8 -> Francisco Moreno | G116: =G8 -> Mauricio Guerrero | H116: =H8 -> Gustavo Guerrero | I116: =I8 -> Gerardo Martinez | J116: =J8 -> Nora Perez | K116: =K8 -> Laura Rodriguez | ... AS116: =AS8 -> Juan Cifuentes | AT116: Rodrigo Dominguez | AU116: Carlos Calero | AV116: =AV8 -> Lewhis Spirth Montaño | AW116: =AW8 -> Sebastian Castro Luna | AX116: =AX8 -> Francia Orozco | AY116: =AY8 -> Fredy Rojas | AZ116: =AZ8 -> John Quiñonez | BA116: =BA8 -> Yuli Guzman | BB116: =BB8 -> Luis Alfredo Plaza | BC116: =BC8 -> Naty Bermudez | ... BJ116: =BJ8 -> Angelica Maria Panesso
A117: 4 | B117: ESTADOS UNIDOS | D117: 0 | E117: 2 | F117: 1 | G117: 1 | H117: 2 | I117: 2 | J117: 2 | K117: 2 | L117: 1 | M117: 2 | N117: 1 | O117: 2 | P117: 1 | Q117: 2 | R117: 0 | S117: 2 | T117: 1 | U117: 1 | V117: 2 | W117: 1 | X117: 2 | Y117: 2 | Z117: 2 | AA117: 2 | AB117: 1 | AC117: 2 | AD117: 1 | AE117: 1 | AF117: 1 | AG117: 2 | AH117: 2 | AI117: 1 | AJ117: 1 | AK117: 0 | AL117: 2 | AM117: 1 | AN117: 1 | AO117: 2 | AP117: 2 | AQ117: 2 | AR117: 2 | AS117: 0 | AT117: 0 | AU117: 1 | AV117: 2 | AW117: 2 | AX117: 2 | AY117: 2 | AZ117: 2 | BA117: 2 | BB117: 1 | BC117: 2 | BD117: 1 | BE117: 1 | BF117: 0 | BG117: 1 | BH117: 1 | BI117: 2 | BJ117: 1
B118: PARAGUAY | D118: 2 | E118: 1 | F118: 4 | G118: 0 | H118: 1 | I118: 2 | J118: 1 | K118: 0 | L118: 0 | M118: 2 | N118: 0 | O118: 1 | P118: 2 | Q118: 1 | R118: 2 | S118: 1 | T118: 0 | U118: 0 | V118: 1 | W118: 1 | X118: 1 | Y118: 1 | Z118: 1 | AA118: 2 | AB118: 0 | AC118: 1 | AD118: 1 | AE118: 0 | AF118: 2 | AG118: 1 | AH118: 1 | AI118: 0 | AJ118: 2 | AK118: 1 | AL118: 1 | AM118: 1 | AN118: 2 | AO118: 1 | AP118: 0 | AQ118: 1 | AR118: 2 | AS118: 1 | AT118: 2 | AU118: 0 | AV118: 2 | AW118: 1 | AX118: 1 | AY118: 1 | AZ118: 1 | BA118: 0 | BB118: 2 | BC118: 1 | BD118: 1 | BE118: 2 | BF118: 0 | BG118: 2 | BH118: 1 | BI118: 1 | BJ118: 1
B119: 46185 | C119: PUNTOS | D119: =IF($C117="",0,IF(AND(D117=$C117,D118=$C118),5,IF(OR(AND(D117-D118>0,$C117-$C118>0),AND(D118-D117>0,$C118-$C117>0),AND(D117-D118=0,$C117-$C118=0)),2,0)+IF(OR(D117=$C117,D118=$C118),1,0))) -> 0 | E119: =IF($C117="",0,IF(AND(E117=$C117,E118=$C118),5,IF(OR(AND(E117-E118>0,$C117-$C118>0),AND(E118-E117>0,$C118-$C117>0),AND(E117-E118=0,$C117-$C118=0)),2,0)+IF(OR(E117=$C117,E118=$C118),1,0))) -> 0 | F119: =IF($C117="",0,IF(AND(F117=$C117,F118=$C118),5,IF(OR(AND(F117-F118>0,$C117-$C118>0),AND(F118-F117>0,$C118-$C117>0),AND(F117-F118=0,$C117-$C118=0)),2,0)+IF(OR(F117=$C117,F118=$C118),1,0))) -> 0 | G119: =IF($C117="",0,IF(AND(G117=$C117,G118=$C118),5,IF(OR(AND(G117-G118>0,$C117-$C118>0),AND(G118-G117>0,$C118-$C117>0),AND(G117-G118=0,$C117-$C118=0)),2,0)+IF(OR(G117=$C117,G118=$C118),1,0))) -> 0 | H119: =IF($C117="",0,IF(AND(H117=$C117,H118=$C118),5,IF(OR(AND(H117-H118>0,$C117-$C118>0),AND(H118-H117>0,$C118-$C117>0),AND(H117-H118=0,$C117-$C118=0)),2,0)+IF(OR(H117=$C117,H118=$C118),1,0))) -> 0 | I119: =IF($C117="",0,IF(AND(I117=$C117,I118=$C118),5,IF(OR(AND(I117-I118>0,$C117-$C118>0),AND(I118-I117>0,$C118-$C117>0),AND(I117-I118=0,$C117-$C118=0)),2,0)+IF(OR(I117=$C117,I118=$C118),1,0))) -> 0 | J119: =IF($C117="",0,IF(AND(J117=$C117,J118=$C118),5,IF(OR(AND(J117-J118>0,$C117-$C118>0),AND(J118-J117>0,$C118-$C117>0),AND(J117-J118=0,$C117-$C118=0)),2,0)+IF(OR(J117=$C117,J118=$C118),1,0))) -> 0 | K119: =IF($C117="",0,IF(AND(K117=$C117,K118=$C118),5,IF(OR(AND(K117-K118>0,$C117-$C118>0),AND(K118-K117>0,$C118-$C117>0),AND(K117-K118=0,$C117-$C118=0)),2,0)+IF(OR(K117=$C117,K118=$C118),1,0))) -> 0 | ... BJ119: =IF($C117="",0,IF(AND(BJ117=$C117,BJ118=$C118),5,IF(OR(AND(BJ117-BJ118>0,$C117-$C118>0),AND(BJ118-BJ117>0,$C118-$C117>0),AND(BJ117-BJ118=0,$C117-$C118=0)),2,0)+IF(OR(BJ117=$C117,BJ118=$C118),1,0))) -> 0
B120: 0.75
A122: 6 | B122: AUSTRALIA | D122: 1 | E122: 1 | F122: 2 | G122: 1 | H122: 1 | I122: 1 | J122: 1 | K122: 1 | L122: 1 | M122: 1 | N122: 1 | O122: 1 | P122: 2 | Q122: 1 | R122: 0 | S122: 1 | T122: 1 | U122: 1 | V122: 1 | W122: 1 | X122: 1 | Y122: 1 | Z122: 1 | AA122: 1 | AB122: 1 | AC122: 1 | AD122: 2 | AE122: 1 | AF122: 1 | AG122: 1 | AH122: 1 | AI122: 3 | AJ122: 2 | AK122: 1 | AL122: 3 | AM122: 2 | AN122: 1 | AO122: 0 | AP122: 1 | AQ122: 1 | AR122: 1 | AS122: 1 | AT122: 1 | AU122: 0 | AV122: 0 | AW122: 0 | AX122: 1 | AY122: 1 | AZ122: 1 | BA122: 1 | BB122: 1 | BC122: 1 | BD122: 2 | BE122: 1 | BF122: 1 | BG122: 1 | BH122: 1 | BI122: 3 | BJ122: 2
B123: TURQUIA | D123: 2 | E123: 1 | F123: 2 | G123: 2 | H123: 1 | I123: 3 | J123: 1 | K123: 1 | L123: 2 | M123: 1 | N123: 2 | O123: 1 | P123: 1 | Q123: 3 | R123: 1 | S123: 1 | T123: 2 | U123: 3 | V123: 1 | W123: 2 | X123: 1 | Y123: 2 | Z123: 2 | AA123: 2 | AB123: 1 | AC123: 1 | AD123: 0 | AE123: 2 | AF123: 2 | AG123: 1 | AH123: 2 | AI123: 1 | AJ123: 0 | AK123: 2 | AL123: 1 | AM123: 1 | AN123: 2 | AO123: 2 | AP123: 2 | AQ123: 1 | AR123: 2 | AS123: 2 | AT123: 1 | AU123: 1 | AV123: 1 | AW123: 2 | AX123: 1 | AY123: 2 | AZ123: 1 | BA123: 3 | BB123: 0 | BC123: 1 | BD123: 1 | BE123: 1 | BF123: 2 | BG123: 2 | BH123: 2 | BI123: 2 | BJ123: 1
B124: 46187 | C124: PUNTOS | D124: =IF($C122="",0,IF(AND(D122=$C122,D123=$C123),5,IF(OR(AND(D122-D123>0,$C122-$C123>0),AND(D123-D122>0,$C123-$C122>0),AND(D122-D123=0,$C122-$C123=0)),2,0)+IF(OR(D122=$C122,D123=$C123),1,0))) -> 0 | E124: =IF($C122="",0,IF(AND(E122=$C122,E123=$C123),5,IF(OR(AND(E122-E123>0,$C122-$C123>0),AND(E123-E122>0,$C123-$C122>0),AND(E122-E123=0,$C122-$C123=0)),2,0)+IF(OR(E122=$C122,E123=$C123),1,0))) -> 0 | F124: =IF($C122="",0,IF(AND(F122=$C122,F123=$C123),5,IF(OR(AND(F122-F123>0,$C122-$C123>0),AND(F123-F122>0,$C123-$C122>0),AND(F122-F123=0,$C122-$C123=0)),2,0)+IF(OR(F122=$C122,F123=$C123),1,0))) -> 0 | G124: =IF($C122="",0,IF(AND(G122=$C122,G123=$C123),5,IF(OR(AND(G122-G123>0,$C122-$C123>0),AND(G123-G122>0,$C123-$C122>0),AND(G122-G123=0,$C122-$C123=0)),2,0)+IF(OR(G122=$C122,G123=$C123),1,0))) -> 0 | H124: =IF($C122="",0,IF(AND(H122=$C122,H123=$C123),5,IF(OR(AND(H122-H123>0,$C122-$C123>0),AND(H123-H122>0,$C123-$C122>0),AND(H122-H123=0,$C122-$C123=0)),2,0)+IF(OR(H122=$C122,H123=$C123),1,0))) -> 0 | I124: =IF($C122="",0,IF(AND(I122=$C122,I123=$C123),5,IF(OR(AND(I122-I123>0,$C122-$C123>0),AND(I123-I122>0,$C123-$C122>0),AND(I122-I123=0,$C122-$C123=0)),2,0)+IF(OR(I122=$C122,I123=$C123),1,0))) -> 0 | J124: =IF($C122="",0,IF(AND(J122=$C122,J123=$C123),5,IF(OR(AND(J122-J123>0,$C122-$C123>0),AND(J123-J122>0,$C123-$C122>0),AND(J122-J123=0,$C122-$C123=0)),2,0)+IF(OR(J122=$C122,J123=$C123),1,0))) -> 0 | K124: =IF($C122="",0,IF(AND(K122=$C122,K123=$C123),5,IF(OR(AND(K122-K123>0,$C122-$C123>0),AND(K123-K122>0,$C123-$C122>0),AND(K122-K123=0,$C122-$C123=0)),2,0)+IF(OR(K122=$C122,K123=$C123),1,0))) -> 0 | ... BJ124: =IF($C122="",0,IF(AND(BJ122=$C122,BJ123=$C123),5,IF(OR(AND(BJ122-BJ123>0,$C122-$C123>0),AND(BJ123-BJ122>0,$C123-$C122>0),AND(BJ122-BJ123=0,$C122-$C123=0)),2,0)+IF(OR(BJ122=$C122,BJ123=$C123),1,0))) -> 0
B125: 0.95833333
A127: 32 | B127: ESTADOS UNIDOS | D127: 2 | E127: 3 | F127: 1 | G127: 2 | H127: 2 | I127: 1 | J127: 2 | K127: 1 | L127: 2 | M127: 2 | N127: 2 | O127: 2 | P127: 2 | Q127: 3 | R127: 2 | S127: 2 | T127: 2 | U127: 2 | V127: 2 | W127: 2 | X127: 2 | Y127: 2 | Z127: 1 | AA127: 2 | AB127: 3 | AC127: 2 | AD127: 2 | AE127: 2 | AF127: 2 | AG127: 2 | AH127: 2 | AI127: 3 | AJ127: 2 | AK127: 2 | AL127: 2 | AM127: 2 | AN127: 2 | AO127: 3 | AP127: 3 | AQ127: 2 | AR127: 3 | AS127: 1 | AT127: 1 | AU127: 2 | AV127: 2 | AW127: 3 | AX127: 2 | AY127: 2 | AZ127: 1 | BA127: 3 | BB127: 0 | BC127: 2 | BD127: 2 | BE127: 1 | BF127: 2 | BG127: 1 | BH127: 2 | BI127: 0 | BJ127: 1
B128: AUSTRALIA | D128: 0 | E128: 2 | F128: 0 | G128: 1 | H128: 0 | I128: 2 | J128: 0 | K128: 0 | L128: 1 | M128: 1 | N128: 0 | O128: 0 | P128: 1 | Q128: 0 | R128: 0 | S128: 0 | T128: 0 | U128: 0 | V128: 0 | W128: 0 | X128: 1 | Y128: 0 | Z128: 1 | AA128: 1 | AB128: 1 | AC128: 0 | AD128: 2 | AE128: 0 | AF128: 0 | AG128: 0 | AH128: 0 | AI128: 1 | AJ128: 2 | AK128: 0 | AL128: 2 | AM128: 2 | AN128: 0 | AO128: 1 | AP128: 1 | AQ128: 0 | AR128: 1 | AS128: 1 | AT128: 1 | AU128: 1 | AV128: 0 | AW128: 0 | AX128: 1 | AY128: 0 | AZ128: 0 | BA128: 1 | BB128: 0 | BC128: 0 | BD128: 0 | BE128: 0 | BF128: 1 | BG128: 1 | BH128: 1 | BI128: 0 | BJ128: 0
B129: 46192 | C129: PUNTOS | D129: =IF($C127="",0,IF(AND(D127=$C127,D128=$C128),5,IF(OR(AND(D127-D128>0,$C127-$C128>0),AND(D128-D127>0,$C128-$C127>0),AND(D127-D128=0,$C127-$C128=0)),2,0)+IF(OR(D127=$C127,D128=$C128),1,0))) -> 0 | E129: =IF($C127="",0,IF(AND(E127=$C127,E128=$C128),5,IF(OR(AND(E127-E128>0,$C127-$C128>0),AND(E128-E127>0,$C128-$C127>0),AND(E127-E128=0,$C127-$C128=0)),2,0)+IF(OR(E127=$C127,E128=$C128),1,0))) -> 0 | F129: =IF($C127="",0,IF(AND(F127=$C127,F128=$C128),5,IF(OR(AND(F127-F128>0,$C127-$C128>0),AND(F128-F127>0,$C128-$C127>0),AND(F127-F128=0,$C127-$C128=0)),2,0)+IF(OR(F127=$C127,F128=$C128),1,0))) -> 0 | G129: =IF($C127="",0,IF(AND(G127=$C127,G128=$C128),5,IF(OR(AND(G127-G128>0,$C127-$C128>0),AND(G128-G127>0,$C128-$C127>0),AND(G127-G128=0,$C127-$C128=0)),2,0)+IF(OR(G127=$C127,G128=$C128),1,0))) -> 0 | H129: =IF($C127="",0,IF(AND(H127=$C127,H128=$C128),5,IF(OR(AND(H127-H128>0,$C127-$C128>0),AND(H128-H127>0,$C128-$C127>0),AND(H127-H128=0,$C127-$C128=0)),2,0)+IF(OR(H127=$C127,H128=$C128),1,0))) -> 0 | I129: =IF($C127="",0,IF(AND(I127=$C127,I128=$C128),5,IF(OR(AND(I127-I128>0,$C127-$C128>0),AND(I128-I127>0,$C128-$C127>0),AND(I127-I128=0,$C127-$C128=0)),2,0)+IF(OR(I127=$C127,I128=$C128),1,0))) -> 0 | J129: =IF($C127="",0,IF(AND(J127=$C127,J128=$C128),5,IF(OR(AND(J127-J128>0,$C127-$C128>0),AND(J128-J127>0,$C128-$C127>0),AND(J127-J128=0,$C127-$C128=0)),2,0)+IF(OR(J127=$C127,J128=$C128),1,0))) -> 0 | K129: =IF($C127="",0,IF(AND(K127=$C127,K128=$C128),5,IF(OR(AND(K127-K128>0,$C127-$C128>0),AND(K128-K127>0,$C128-$C127>0),AND(K127-K128=0,$C127-$C128=0)),2,0)+IF(OR(K127=$C127,K128=$C128),1,0))) -> 0 | ... BJ129: =IF($C127="",0,IF(AND(BJ127=$C127,BJ128=$C128),5,IF(OR(AND(BJ127-BJ128>0,$C127-$C128>0),AND(BJ128-BJ127>0,$C128-$C127>0),AND(BJ127-BJ128=0,$C127-$C128=0)),2,0)+IF(OR(BJ127=$C127,BJ128=$C128),1,0))) -> 0
B130: 0.58333333
A132: 31 | B132: TURQUIA | D132: 1 | E132: 1 | F132: 0 | G132: 1 | H132: 1 | I132: 0 | J132: 1 | K132: 0 | L132: 1 | M132: 1 | N132: 1 | O132: 2 | P132: 1 | Q132: 1 | R132: 2 | S132: 1 | T132: 1 | U132: 1 | V132: 2 | W132: 2 | X132: 1 | Y132: 1 | Z132: 1 | AA132: 1 | AB132: 0 | AC132: 1 | AD132: 0 | AE132: 2 | AF132: 1 | AG132: 1 | AH132: 1 | AI132: 0 | AJ132: 0 | AK132: 1 | AL132: 1 | AM132: 1 | AN132: 1 | AO132: 1 | AP132: 2 | AQ132: 2 | AR132: 2 | AS132: 3 | AT132: 0 | AU132: 1 | AV132: 1 | AW132: 2 | AX132: 1 | AY132: 2 | AZ132: 0 | BA132: 1 | BB132: 0 | BC132: 0 | BD132: 1 | BE132: 1 | BF132: 2 | BG132: 0 | BH132: 1 | BI132: 1 | BJ132: 1
B133: PARAGUAY | D133: 1 | E133: 2 | F133: 2 | G133: 1 | H133: 1 | I133: 2 | J133: 0 | K133: 1 | L133: 1 | M133: 0 | N133: 1 | O133: 1 | P133: 1 | Q133: 1 | R133: 2 | S133: 0 | T133: 1 | U133: 2 | V133: 1 | W133: 1 | X133: 2 | Y133: 1 | Z133: 1 | AA133: 1 | AB133: 1 | AC133: 1 | AD133: 3 | AE133: 1 | AF133: 2 | AG133: 1 | AH133: 1 | AI133: 2 | AJ133: 3 | AK133: 2 | AL133: 1 | AM133: 2 | AN133: 1 | AO133: 1 | AP133: 0 | AQ133: 1 | AR133: 2 | AS133: 1 | AT133: 2 | AU133: 0 | AV133: 2 | AW133: 1 | AX133: 0 | AY133: 2 | AZ133: 1 | BA133: 1 | BB133: 1 | BC133: 2 | BD133: 0 | BE133: 2 | BF133: 2 | BG133: 1 | BH133: 1 | BI133: 1 | BJ133: 2
...

Sheet Sumatoria
C5: MARCADOR | D5: ='Polla - Grupos'!C435 -> PUNTOS ACUM | E5: INDICE | G5: RANKING | H5: PUNTOS | I5: Cantidad 5 | J5: Cantidad 3 | K5: Cantidad 2 | L5: Cantidad 1 | M5: DESEMPATE | O5: INDICE DESEMPATE | P5: RANKING DESEMPATE
C6: ='Polla - Grupos'!D8 -> Julian Uribe | D6: ='Polla - Grupos'!D435 -> 0 | E6: =COUNTIF($D$6:$D$64, ">"&D6) + COUNTIF($D$6:D6, D6) -> 1 | G6: =INDEX($C$6:$C$64, MATCH(ROW(A1), $E$6:$E$64, 0)) -> Julian Uribe | H6: =INDEX($D$6:$D$64, MATCH(ROW(A1), $E$6:$E$64, 0)) -> 0 | I6: {=SUMPRODUCT(IFERROR(N(MATCH(ROW('Polla - Grupos'!$D$11:$D$432), {11;16;21;26;31;36;47;52;57;62;67;72;83;88;93;98;103;108;119;124;129;134;139;144;155;160;165;170;175;180;191;196;201;206;211;216;227;232;237;242;247;252;263;268;273;278;283;288;299;304;309;314;319;324;335;340;345;350;355;360;371;376;381;386;391;396;407;412;417;422;427;432}, 0)>0), 0) * (INDEX('Polla - Grupos'!$D$11:$BR$432, 0, MATCH(G6, 'Polla - Grupos'!$D$8:$BR$8, 0))=5))} -> 0 | J6: {=SUMPRODUCT(IFERROR(N(MATCH(ROW('Polla - Grupos'!$D$11:$D$432), {11;16;21;26;31;36;47;52;57;62;67;72;83;88;93;98;103;108;119;124;129;134;139;144;155;160;165;170;175;180;191;196;201;206;211;216;227;232;237;242;247;252;263;268;273;278;283;288;299;304;309;314;319;324;335;340;345;350;355;360;371;376;381;386;391;396;407;412;417;422;427;432}, 0)>0), 0) * (INDEX('Polla - Grupos'!$D$11:$BR$432, 0, MATCH(G6, 'Polla - Grupos'!$D$8:$BR$8, 0))=3))} -> 0 | K6: {=SUMPRODUCT(IFERROR(N(MATCH(ROW('Polla - Grupos'!$D$11:$D$432), {11;16;21;26;31;36;47;52;57;62;67;72;83;88;93;98;103;108;119;124;129;134;139;144;155;160;165;170;175;180;191;196;201;206;211;216;227;232;237;242;247;252;263;268;273;278;283;288;299;304;309;314;319;324;335;340;345;350;355;360;371;376;381;386;391;396;407;412;417;422;427;432}, 0)>0), 0) * (INDEX('Polla - Grupos'!$D$11:$BR$432, 0, MATCH(G6, 'Polla - Grupos'!$D$8:$BR$8, 0))=2))} -> 0 | L6: {=SUMPRODUCT(IFERROR(N(MATCH(ROW('Polla - Grupos'!$D$11:$D$432), {11;16;21;26;31;36;47;52;57;62;67;72;83;88;93;98;103;108;119;124;129;134;139;144;155;160;165;170;175;180;191;196;201;206;211;216;227;232;237;242;247;252;263;268;273;278;283;288;299;304;309;314;319;324;335;340;345;350;355;360;371;376;381;386;391;396;407;412;417;422;427;432}, 0)>0), 0) * (INDEX('Polla - Grupos'!$D$11:$BR$432, 0, MATCH(G6, 'Polla - Grupos'!$D$8:$BR$8, 0))=1))} -> 0 | M6: =H6 + (I6 * 0.001) + (J6 * 0.000001) + (K6 * 0.000000001) + (L6 * 0.000000000001) -> 0 | O6: =COUNTIF($M$6:$M$70, ">"&M6) + COUNTIF($M$6:M6, M6) -> 1 | P6: =INDEX($G$6:$G$70, MATCH(ROW(A1), $O$6:$O$70, 0)) -> Julian Uribe
C7: ='Polla - Grupos'!E8 -> Yulian Sanchez | D7: ='Polla - Grupos'!E435 -> 0 | E7: =COUNTIF($D$6:$D$64, ">"&D7) + COUNTIF($D$6:D7, D7) -> 2 | G7: =INDEX($C$6:$C$64, MATCH(ROW(A2), $E$6:$E$64, 0)) -> Yulian Sanchez | H7: =INDEX($D$6:$D$64, MATCH(ROW(A2), $E$6:$E$64, 0)) -> 0 | I7: {=SUMPRODUCT(IFERROR(N(MATCH(ROW('Polla - Grupos'!$D$11:$D$432), {11;16;21;26;31;36;47;52;57;62;67;72;83;88;93;98;103;108;119;124;129;134;139;144;155;160;165;170;175;180;191;196;201;206;211;216;227;232;237;242;247;252;263;268;273;278;283;288;299;304;309;314;319;324;335;340;345;350;355;360;371;376;381;386;391;396;407;412;417;422;427;432}, 0)>0), 0) * (INDEX('Polla - Grupos'!$D$11:$BR$432, 0, MATCH(G7, 'Polla - Grupos'!$D$8:$BR$8, 0))=5))} -> 0 | J7: {=SUMPRODUCT(IFERROR(N(MATCH(ROW('Polla - Grupos'!$D$11:$D$432), {11;16;21;26;31;36;47;52;57;62;67;72;83;88;93;98;103;108;119;124;129;134;139;144;155;160;165;170;175;180;191;196;201;206;211;216;227;232;237;242;247;252;263;268;273;278;283;288;299;304;309;314;319;324;335;340;345;350;355;360;371;376;381;386;391;396;407;412;417;422;427;432}, 0)>0), 0) * (INDEX('Polla - Grupos'!$D$11:$BR$432, 0, MATCH(G7, 'Polla - Grupos'!$D$8:$BR$8, 0))=3))} -> 0 | K7: {=SUMPRODUCT(IFERROR(N(MATCH(ROW('Polla - Grupos'!$D$11:$D$432), {11;16;21;26;31;36;47;52;57;62;67;72;83;88;93;98;103;108;119;124;129;134;139;144;155;160;165;170;175;180;191;196;201;206;211;216;227;232;237;242;247;252;263;268;273;278;283;288;299;304;309;314;319;324;335;340;345;350;355;360;371;376;381;386;391;396;407;412;417;422;427;432}, 0)>0), 0) * (INDEX('Polla - Grupos'!$D$11:$BR$432, 0, MATCH(G7, 'Polla - Grupos'!$D$8:$BR$8, 0))=2))} -> 0 | L7: {=SUMPRODUCT(IFERROR(N(MATCH(ROW('Polla - Grupos'!$D$11:$D$432), {11;16;21;26;31;36;47;52;57;62;67;72;83;88;93;98;103;108;119;124;129;134;139;144;155;160;165;170;175;180;191;196;201;206;211;216;227;232;237;242;247;252;263;268;273;278;283;288;299;304;309;314;319;324;335;340;345;350;355;360;371;376;381;386;391;396;407;412;417;422;427;432}, 0)>0), 0) * (INDEX('Polla - Grupos'!$D$11:$BR$432, 0, MATCH(G7, 'Polla - Grupos'!$D$8:$BR$8, 0))=1))} -> 0 | M7: =H7 + (I7 * 0.001) + (J7 * 0.000001) + (K7 * 0.000000001) + (L7 * 0.000000000001) -> 0 | O7: =COUNTIF($M$6:$M$70, ">"&M7) + COUNTIF($M$6:M7, M7) -> 2 | P7: =INDEX($G$6:$G$70, MATCH(ROW(A2), $O$6:$O$70, 0)) -> Yulian Sanchez
C8: ='Polla - Grupos'!F8 -> Francisco Moreno | D8: ='Polla - Grupos'!F435 -> 0 | E8: =COUNTIF($D$6:$D$64, ">"&D8) + COUNTIF($D$6:D8, D8) -> 3 | G8: =INDEX($C$6:$C$64, MATCH(ROW(A3), $E$6:$E$64, 0)) -> Francisco Moreno | H8: =INDEX($D$6:$D$64, MATCH(ROW(A3), $E$6:$E$64, 0)) -> 0 | I8: {=SUMPRODUCT(IFERROR(N(MATCH(ROW('Polla - Grupos'!$D$11:$D$432), {11;16;21;26;31;36;47;52;57;62;67;72;83;88;93;98;103;108;119;124;129;134;139;144;155;160;165;170;175;180;191;196;201;206;211;216;227;232;237;242;247;252;263;268;273;278;283;288;299;304;309;314;319;324;335;340;345;350;355;360;371;376;381;386;391;396;407;412;417;422;427;432}, 0)>0), 0) * (INDEX('Polla - Grupos'!$D$11:$BR$432, 0, MATCH(G8, 'Polla - Grupos'!$D$8:$BR$8, 0))=5))} -> 0 | J8: {=SUMPRODUCT(IFERROR(N(MATCH(ROW('Polla - Grupos'!$D$11:$D$432), {11;16;21;26;31;36;47;52;57;62;67;72;83;88;93;98;103;108;119;124;129;134;139;144;155;160;165;170;175;180;191;196;201;206;211;216;227;232;237;242;247;252;263;268;273;278;283;288;299;304;309;314;319;324;335;340;345;350;355;360;371;376;381;386;391;396;407;412;417;422;427;432}, 0)>0), 0) * (INDEX('Polla - Grupos'!$D$11:$BR$432, 0, MATCH(G8, 'Polla - Grupos'!$D$8:$BR$8, 0))=3))} -> 0 | K8: {=SUMPRODUCT(IFERROR(N(MATCH(ROW('Polla - Grupos'!$D$11:$D$432), {11;16;21;26;31;36;47;52;57;62;67;72;83;88;93;98;103;108;119;124;129;134;139;144;155;160;165;170;175;180;191;196;201;206;211;216;227;232;237;242;247;252;263;268;273;278;283;288;299;304;309;314;319;324;335;340;345;350;355;360;371;376;381;386;391;396;407;412;417;422;427;432}, 0)>0), 0) * (INDEX('Polla - Grupos'!$D$11:$BR$432, 0, MATCH(G8, 'Polla - Grupos'!$D$8:$BR$8, 0))=2))} -> 0 | L8: {=SUMPRODUCT(IFERROR(N(MATCH(ROW('Polla - Grupos'!$D$11:$D$432), {11;16;21;26;31;36;47;52;57;62;67;72;83;88;93;98;103;108;119;124;129;134;139;144;155;160;165;170;175;180;191;196;201;206;211;216;227;232;237;242;247;252;263;268;273;278;283;288;299;304;309;314;319;324;335;340;345;350;355;360;371;376;381;386;391;396;407;412;417;422;427;432}, 0)>0), 0) * (INDEX('Polla - Grupos'!$D$11:$BR$432, 0, MATCH(G8, 'Polla - Grupos'!$D$8:$BR$8, 0))=1))} -> 0 | M8: =H8 + (I8 * 0.001) + (J8 * 0.000001) + (K8 * 0.000000001) + (L8 * 0.000000000001) -> 0 | O8: =COUNTIF($M$6:$M$70, ">"&M8) + COUNTIF($M$6:M8, M8) -> 3 | P8: =INDEX($G$6:$G$70, MATCH(ROW(A3), $O$6:$O$70, 0)) -> Francisco Moreno
C9: ='Polla - Grupos'!G8 -> Mauricio Guerrero | D9: ='Polla - Grupos'!G435 -> 0 | E9: =COUNTIF($D$6:$D$64, ">"&D9) + COUNTIF($D$6:D9, D9) -> 4 | G9: =INDEX($C$6:$C$64, MATCH(ROW(A4), $E$6:$E$64, 0)) -> Mauricio Guerrero | H9: =INDEX($D$6:$D$64, MATCH(ROW(A4), $E$6:$E$64, 0)) -> 0 | I9: {=SUMPRODUCT(IFERROR(N(MATCH(ROW('Polla - Grupos'!$D$11:$D$432), {11;16;21;26;31;36;47;52;57;62;67;72;83;88;93;98;103;108;119;124;129;134;139;144;155;160;165;170;175;180;191;196;201;206;211;216;227;232;237;242;247;252;263;268;273;278;283;288;299;304;309;314;319;324;335;340;345;350;355;360;371;376;381;386;391;396;407;412;417;422;427;432}, 0)>0), 0) * (INDEX('Polla - Grupos'!$D$11:$BR$432, 0, MATCH(G9, 'Polla - Grupos'!$D$8:$BR$8, 0))=5))} -> 0 | J9: {=SUMPRODUCT(IFERROR(N(MATCH(ROW('Polla - Grupos'!$D$11:$D$432), {11;16;21;26;31;36;47;52;57;62;67;72;83;88;93;98;103;108;119;124;129;134;139;144;155;160;165;170;175;180;191;196;201;206;211;216;227;232;237;242;247;252;263;268;273;278;283;288;299;304;309;314;319;324;335;340;345;350;355;360;371;376;381;386;391;396;407;412;417;422;427;432}, 0)>0), 0) * (INDEX('Polla - Grupos'!$D$11:$BR$432, 0, MATCH(G9, 'Polla - Grupos'!$D$8:$BR$8, 0))=3))} -> 0 | K9: {=SUMPRODUCT(IFERROR(N(MATCH(ROW('Polla - Grupos'!$D$11:$D$432), {11;16;21;26;31;36;47;52;57;62;67;72;83;88;93;98;103;108;119;124;129;134;139;144;155;160;165;170;175;180;191;196;201;206;211;216;227;232;237;242;247;252;263;268;273;278;283;288;299;304;309;314;319;324;335;340;345;350;355;360;371;376;381;386;391;396;407;412;417;422;427;432}, 0)>0), 0) * (INDEX('Polla - Grupos'!$D$11:$BR$432, 0, MATCH(G9, 'Polla - Grupos'!$D$8:$BR$8, 0))=2))} -> 0 | L9: {=SUMPRODUCT(IFERROR(N(MATCH(ROW('Polla - Grupos'!$D$11:$D$432), {11;16;21;26;31;36;47;52;57;62;67;72;83;88;93;98;103;108;119;124;129;134;139;144;155;160;165;170;175;180;191;196;201;206;211;216;227;232;237;242;247;252;263;268;273;278;283;288;299;304;309;314;319;324;335;340;345;350;355;360;371;376;381;386;391;396;407;412;417;422;427;432}, 0)>0), 0) * (INDEX('Polla - Grupos'!$D$11:$BR$432, 0, MATCH(G9, 'Polla - Grupos'!$D$8:$BR$8, 0))=1))} -> 0 | M9: =H9 + (I9 * 0.001) + (J9 * 0.000001) + (K9 * 0.000000001) + (L9 * 0.000000000001) -> 0 | O9: =COUNTIF($M$6:$M$70, ">"&M9) + COUNTIF($M$6:M9, M9) -> 4 | P9: =INDEX($G$6:$G$70, MATCH(ROW(A4), $O$6:$O$70, 0)) -> Mauricio Guerrero
C10: ='Polla - Grupos'!H8 -> Gustavo Guerrero | D10: ='Polla - Grupos'!H435 -> 0 | E10: =COUNTIF($D$6:$D$64, ">"&D10) + COUNTIF($D$6:D10, D10) -> 5 | G10: =INDEX($C$6:$C$64, MATCH(ROW(A5), $E$6:$E$64, 0)) -> Gustavo Guerrero | H10: =INDEX($D$6:$D$64, MATCH(ROW(A5), $E$6:$E$64, 0)) -> 0 | I10: {=SUMPRODUCT(IFERROR(N(MATCH(ROW('Polla - Grupos'!$D$11:$D$432), {11;16;21;26;31;36;47;52;57;62;67;72;83;88;93;98;103;108;119;124;129;134;139;144;155;160;165;170;175;180;191;196;201;206;211;216;227;232;237;242;247;252;263;268;273;278;283;288;299;304;309;314;319;324;335;340;345;350;355;360;371;376;381;386;391;396;407;412;417;422;427;432}, 0)>0), 0) * (INDEX('Polla - Grupos'!$D$11:$BR$432, 0, MATCH(G10, 'Polla - Grupos'!$D$8:$BR$8, 0))=5))} -> 0 | J10: {=SUMPRODUCT(IFERROR(N(MATCH(ROW('Polla - Grupos'!$D$11:$D$432), {11;16;21;26;31;36;47;52;57;62;67;72;83;88;93;98;103;108;119;124;129;134;139;144;155;160;165;170;175;180;191;196;201;206;211;216;227;232;237;242;247;252;263;268;273;278;283;288;299;304;309;314;319;324;335;340;345;350;355;360;371;376;381;386;391;396;407;412;417;422;427;432}, 0)>0), 0) * (INDEX('Polla - Grupos'!$D$11:$BR$432, 0, MATCH(G10, 'Polla - Grupos'!$D$8:$BR$8, 0))=3))} -> 0 | K10: {=SUMPRODUCT(IFERROR(N(MATCH(ROW('Polla - Grupos'!$D$11:$D$432), {11;16;21;26;31;36;47;52;57;62;67;72;83;88;93;98;103;108;119;124;129;134;139;144;155;160;165;170;175;180;191;196;201;206;211;216;227;232;237;242;247;252;263;268;273;278;283;288;299;304;309;314;319;324;335;340;345;350;355;360;371;376;381;386;391;396;407;412;417;422;427;432}, 0)>0), 0) * (INDEX('Polla - Grupos'!$D$11:$BR$432, 0, MATCH(G10, 'Polla - Grupos'!$D$8:$BR$8, 0))=2))} -> 0 | L10: {=SUMPRODUCT(IFERROR(N(MATCH(ROW('Polla - Grupos'!$D$11:$D$432), {11;16;21;26;31;36;47;52;57;62;67;72;83;88;93;98;103;108;119;124;129;134;139;144;155;160;165;170;175;180;191;196;201;206;211;216;227;232;237;242;247;252;263;268;273;278;283;288;299;304;309;314;319;324;335;340;345;350;355;360;371;376;381;386;391;396;407;412;417;422;427;432}, 0)>0), 0) * (INDEX('Polla - Grupos'!$D$11:$BR$432, 0, MATCH(G10, 'Polla - Grupos'!$D$8:$BR$8, 0))=1))} -> 0 | M10: =H10 + (I10 * 0.001) + (J10 * 0.000001) + (K10 * 0.000000001) + (L10 * 0.000000000001) -> 0 | O10: =COUNTIF($M$6:$M$70, ">"&M10) + COUNTIF($M$6:M10, M10) -> 5 | P10: =INDEX($G$6:$G$70, MATCH(ROW(A5), $O$6:$O$70, 0)) -> Gustavo Guerrero
C11: ='Polla - Grupos'!I8 -> Gerardo Martinez | D11: ='Polla - Grupos'!I435 -> 0 | E11: =COUNTIF($D$6:$D$64, ">"&D11) + COUNTIF($D$6:D11, D11) -> 6 | G11: =INDEX($C$6:$C$64, MATCH(ROW(A6), $E$6:$E$64, 0)) -> Gerardo Martinez | H11: =INDEX($D$6:$D$64, MATCH(ROW(A6), $E$6:$E$64, 0)) -> 0 | I11: {=SUMPRODUCT(IFERROR(N(MATCH(ROW('Polla - Grupos'!$D$11:$D$432), {11;16;21;26;31;36;47;52;57;62;67;72;83;88;93;98;103;108;119;124;129;134;139;144;155;160;165;170;175;180;191;196;201;206;211;216;227;232;237;242;247;252;263;268;273;278;283;288;299;304;309;314;319;324;335;340;345;350;355;360;371;376;381;386;391;396;407;412;417;422;427;432}, 0)>0), 0) * (INDEX('Polla - Grupos'!$D$11:$BR$432, 0, MATCH(G11, 'Polla - Grupos'!$D$8:$BR$8, 0))=5))} -> 0 | J11: {=SUMPRODUCT(IFERROR(N(MATCH(ROW('Polla - Grupos'!$D$11:$D$432), {11;16;21;26;31;36;47;52;57;62;67;72;83;88;93;98;103;108;119;124;129;134;139;144;155;160;165;170;175;180;191;196;201;206;211;216;227;232;237;242;247;252;263;268;273;278;283;288;299;304;309;314;319;324;335;340;345;350;355;360;371;376;381;386;391;396;407;412;417;422;427;432}, 0)>0), 0) * (INDEX('Polla - Grupos'!$D$11:$BR$432, 0, MATCH(G11, 'Polla - Grupos'!$D$8:$BR$8, 0))=3))} -> 0 | K11: {=SUMPRODUCT(IFERROR(N(MATCH(ROW('Polla - Grupos'!$D$11:$D$432), {11;16;21;26;31;36;47;52;57;62;67;72;83;88;93;98;103;108;119;124;129;134;139;144;155;160;165;170;175;180;191;196;201;206;211;216;227;232;237;242;247;252;263;268;273;278;283;288;299;304;309;314;319;324;335;340;345;350;355;360;371;376;381;386;391;396;407;412;417;422;427;432}, 0)>0), 0) * (INDEX('Polla - Grupos'!$D$11:$BR$432, 0, MATCH(G11, 'Polla - Grupos'!$D$8:$BR$8, 0))=2))} -> 0 | L11: {=SUMPRODUCT(IFERROR(N(MATCH(ROW('Polla - Grupos'!$D$11:$D$432), {11;16;21;26;31;36;47;52;57;62;67;72;83;88;93;98;103;108;119;124;129;134;139;144;155;160;165;170;175;180;191;196;201;206;211;216;227;232;237;242;247;252;263;268;273;278;283;288;299;304;309;314;319;324;335;340;345;350;355;360;371;376;381;386;391;396;407;412;417;422;427;432}, 0)>0), 0) * (INDEX('Polla - Grupos'!$D$11:$BR$432, 0, MATCH(G11, 'Polla - Grupos'!$D$8:$BR$8, 0))=1))} -> 0 | M11: =H11 + (I11 * 0.001) + (J11 * 0.000001) + (K11 * 0.000000001) + (L11 * 0.000000000001) -> 0 | O11: =COUNTIF($M$6:$M$70, ">"&M11) + COUNTIF($M$6:M11, M11) -> 6 | P11: =INDEX($G$6:$G$70, MATCH(ROW(A6), $O$6:$O$70, 0)) -> Gerardo Martinez
C12: ='Polla - Grupos'!J8 -> Nora Perez | D12: ='Polla - Grupos'!J435 -> 0 | E12: =COUNTIF($D$6:$D$64, ">"&D12) + COUNTIF($D$6:D12, D12) -> 7 | G12: =INDEX($C$6:$C$64, MATCH(ROW(A7), $E$6:$E$64, 0)) -> Nora Perez | H12: =INDEX($D$6:$D$64, MATCH(ROW(A7), $E$6:$E$64, 0)) -> 0 | I12: {=SUMPRODUCT(IFERROR(N(MATCH(ROW('Polla - Grupos'!$D$11:$D$432), {11;16;21;26;31;36;47;52;57;62;67;72;83;88;93;98;103;108;119;124;129;134;139;144;155;160;165;170;175;180;191;196;201;206;211;216;227;232;237;242;247;252;263;268;273;278;283;288;299;304;309;314;319;324;335;340;345;350;355;360;371;376;381;386;391;396;407;412;417;422;427;432}, 0)>0), 0) * (INDEX('Polla - Grupos'!$D$11:$BR$432, 0, MATCH(G12, 'Polla - Grupos'!$D$8:$BR$8, 0))=5))} -> 0 | J12: {=SUMPRODUCT(IFERROR(N(MATCH(ROW('Polla - Grupos'!$D$11:$D$432), {11;16;21;26;31;36;47;52;57;62;67;72;83;88;93;98;103;108;119;124;129;134;139;144;155;160;165;170;175;180;191;196;201;206;211;216;227;232;237;242;247;252;263;268;273;278;283;288;299;304;309;314;319;324;335;340;345;350;355;360;371;376;381;386;391;396;407;412;417;422;427;432}, 0)>0), 0) * (INDEX('Polla - Grupos'!$D$11:$BR$432, 0, MATCH(G12, 'Polla - Grupos'!$D$8:$BR$8, 0))=3))} -> 0 | K12: {=SUMPRODUCT(IFERROR(N(MATCH(ROW('Polla - Grupos'!$D$11:$D$432), {11;16;21;26;31;36;47;52;57;62;67;72;83;88;93;98;103;108;119;124;129;134;139;144;155;160;165;170;175;180;191;196;201;206;211;216;227;232;237;242;247;252;263;268;273;278;283;288;299;304;309;314;319;324;335;340;345;350;355;360;371;376;381;386;391;396;407;412;417;422;427;432}, 0)>0), 0) * (INDEX('Polla - Grupos'!$D$11:$BR$432, 0, MATCH(G12, 'Polla - Grupos'!$D$8:$BR$8, 0))=2))} -> 0 | L12: {=SUMPRODUCT(IFERROR(N(MATCH(ROW('Polla - Grupos'!$D$11:$D$432), {11;16;21;26;31;36;47;52;57;62;67;72;83;88;93;98;103;108;119;124;129;134;139;144;155;160;165;170;175;180;191;196;201;206;211;216;227;232;237;242;247;252;263;268;273;278;283;288;299;304;309;314;319;324;335;340;345;350;355;360;371;376;381;386;391;396;407;412;417;422;427;432}, 0)>0), 0) * (INDEX('Polla - Grupos'!$D$11:$BR$432, 0, MATCH(G12, 'Polla - Grupos'!$D$8:$BR$8, 0))=1))} -> 0 | M12: =H12 + (I12 * 0.001) + (J12 * 0.000001) + (K12 * 0.000000001) + (L12 * 0.000000000001) -> 0 | O12: =COUNTIF($M$6:$M$70, ">"&M12) + COUNTIF($M$6:M12, M12) -> 7 | P12: =INDEX($G$6:$G$70, MATCH(ROW(A7), $O$6:$O$70, 0)) -> Nora Perez
C13: ='Polla - Grupos'!K8 -> Laura Rodriguez | D13: ='Polla - Grupos'!K435 -> 0 | E13: =COUNTIF($D$6:$D$64, ">"&D13) + COUNTIF($D$6:D13, D13) -> 8 | G13: =INDEX($C$6:$C$64, MATCH(ROW(A8), $E$6:$E$64, 0)) -> Laura Rodriguez | H13: =INDEX($D$6:$D$64, MATCH(ROW(A8), $E$6:$E$64, 0)) -> 0 | I13: {=SUMPRODUCT(IFERROR(N(MATCH(ROW('Polla - Grupos'!$D$11:$D$432), {11;16;21;26;31;36;47;52;57;62;67;72;83;88;93;98;103;108;119;124;129;134;139;144;155;160;165;170;175;180;191;196;201;206;211;216;227;232;237;242;247;252;263;268;273;278;283;288;299;304;309;314;319;324;335;340;345;350;355;360;371;376;381;386;391;396;407;412;417;422;427;432}, 0)>0), 0) * (INDEX('Polla - Grupos'!$D$11:$BR$432, 0, MATCH(G13, 'Polla - Grupos'!$D$8:$BR$8, 0))=5))} -> 0 | J13: {=SUMPRODUCT(IFERROR(N(MATCH(ROW('Polla - Grupos'!$D$11:$D$432), {11;16;21;26;31;36;47;52;57;62;67;72;83;88;93;98;103;108;119;124;129;134;139;144;155;160;165;170;175;180;191;196;201;206;211;216;227;232;237;242;247;252;263;268;273;278;283;288;299;304;309;314;319;324;335;340;345;350;355;360;371;376;381;386;391;396;407;412;417;422;427;432}, 0)>0), 0) * (INDEX('Polla - Grupos'!$D$11:$BR$432, 0, MATCH(G13, 'Polla - Grupos'!$D$8:$BR$8, 0))=3))} -> 0 | K13: {=SUMPRODUCT(IFERROR(N(MATCH(ROW('Polla - Grupos'!$D$11:$D$432), {11;16;21;26;31;36;47;52;57;62;67;72;83;88;93;98;103;108;119;124;129;134;139;144;155;160;165;170;175;180;191;196;201;206;211;216;227;232;237;242;247;252;263;268;273;278;283;288;299;304;309;314;319;324;335;340;345;350;355;360;371;376;381;386;391;396;407;412;417;422;427;432}, 0)>0), 0) * (INDEX('Polla - Grupos'!$D$11:$BR$432, 0, MATCH(G13, 'Polla - Grupos'!$D$8:$BR$8, 0))=2))} -> 0 | L13: {=SUMPRODUCT(IFERROR(N(MATCH(ROW('Polla - Grupos'!$D$11:$D$432), {11;16;21;26;31;36;47;52;57;62;67;72;83;88;93;98;103;108;119;124;129;134;139;144;155;160;165;170;175;180;191;196;201;206;211;216;227;232;237;242;247;252;263;268;273;278;283;288;299;304;309;314;319;324;335;340;345;350;355;360;371;376;381;386;391;396;407;412;417;422;427;432}, 0)>0), 0) * (INDEX('Polla - Grupos'!$D$11:$BR$432, 0, MATCH(G13, 'Polla - Grupos'!$D$8:$BR$8, 0))=1))} -> 0 | M13: =H13 + (I13 * 0.001) + (J13 * 0.000001) + (K13 * 0.000000001) + (L13 * 0.000000000001) -> 0 | O13: =COUNTIF($M$6:$M$70, ">"&M13) + COUNTIF($M$6:M13, M13) -> 8 | P13: =INDEX($G$6:$G$70, MATCH(ROW(A8), $O$6:$O$70, 0)) -> Laura Rodriguez
C14: ='Polla - Grupos'!L8 -> Jhoana Moreno | D14: ='Polla - Grupos'!L435 -> 0 | E14: =COUNTIF($D$6:$D$64, ">"&D14) + COUNTIF($D$6:D14, D14) -> 9 | G14: =INDEX($C$6:$C$64, MATCH(ROW(A9), $E$6:$E$64, 0)) -> Jhoana Moreno | H14: =INDEX($D$6:$D$64, MATCH(ROW(A9), $E$6:$E$64, 0)) -> 0 | I14: {=SUMPRODUCT(IFERROR(N(MATCH(ROW('Polla - Grupos'!$D$11:$D$432), {11;16;21;26;31;36;47;52;57;62;67;72;83;88;93;98;103;108;119;124;129;134;139;144;155;160;165;170;175;180;191;196;201;206;211;216;227;232;237;242;247;252;263;268;273;278;283;288;299;304;309;314;319;324;335;340;345;350;355;360;371;376;381;386;391;396;407;412;417;422;427;432}, 0)>0), 0) * (INDEX('Polla - Grupos'!$D$11:$BR$432, 0, MATCH(G14, 'Polla - Grupos'!$D$8:$BR$8, 0))=5))} -> 0 | J14: {=SUMPRODUCT(IFERROR(N(MATCH(ROW('Polla - Grupos'!$D$11:$D$432), {11;16;21;26;31;36;47;52;57;62;67;72;83;88;93;98;103;108;119;124;129;134;139;144;155;160;165;170;175;180;191;196;201;206;211;216;227;232;237;242;247;252;263;268;273;278;283;288;299;304;309;314;319;324;335;340;345;350;355;360;371;376;381;386;391;396;407;412;417;422;427;432}, 0)>0), 0) * (INDEX('Polla - Grupos'!$D$11:$BR$432, 0, MATCH(G14, 'Polla - Grupos'!$D$8:$BR$8, 0))=3))} -> 0 | K14: {=SUMPRODUCT(IFERROR(N(MATCH(ROW('Polla - Grupos'!$D$11:$D$432), {11;16;21;26;31;36;47;52;57;62;67;72;83;88;93;98;103;108;119;124;129;134;139;144;155;160;165;170;175;180;191;196;201;206;211;216;227;232;237;242;247;252;263;268;273;278;283;288;299;304;309;314;319;324;335;340;345;350;355;360;371;376;381;386;391;396;407;412;417;422;427;432}, 0)>0), 0) * (INDEX('Polla - Grupos'!$D$11:$BR$432, 0, MATCH(G14, 'Polla - Grupos'!$D$8:$BR$8, 0))=2))} -> 0 | L14: {=SUMPRODUCT(IFERROR(N(MATCH(ROW('Polla - Grupos'!$D$11:$D$432), {11;16;21;26;31;36;47;52;57;62;67;72;83;88;93;98;103;108;119;124;129;134;139;144;155;160;165;170;175;180;191;196;201;206;211;216;227;232;237;242;247;252;263;268;273;278;283;288;299;304;309;314;319;324;335;340;345;350;355;360;371;376;381;386;391;396;407;412;417;422;427;432}, 0)>0), 0) * (INDEX('Polla - Grupos'!$D$11:$BR$432, 0, MATCH(G14, 'Polla - Grupos'!$D$8:$BR$8, 0))=1))} -> 0 | M14: =H14 + (I14 * 0.001) + (J14 * 0.000001) + (K14 * 0.000000001) + (L14 * 0.000000000001) -> 0 | O14: =COUNTIF($M$6:$M$70, ">"&M14) + COUNTIF($M$6:M14, M14) -> 9 | P14: =INDEX($G$6:$G$70, MATCH(ROW(A9), $O$6:$O$70, 0)) -> Jhoana Moreno
C15: ='Polla - Grupos'!M8 -> Yoselin Salinas | D15: ='Polla - Grupos'!M435 -> 0 | E15: =COUNTIF($D$6:$D$64, ">"&D15) + COUNTIF($D$6:D15, D15) -> 10 | G15: =INDEX($C$6:$C$64, MATCH(ROW(A10), $E$6:$E$64, 0)) -> Yoselin Salinas | H15: =INDEX($D$6:$D$64, MATCH(ROW(A10), $E$6:$E$64, 0)) -> 0 | I15: {=SUMPRODUCT(IFERROR(N(MATCH(ROW('Polla - Grupos'!$D$11:$D$432), {11;16;21;26;31;36;47;52;57;62;67;72;83;88;93;98;103;108;119;124;129;134;139;144;155;160;165;170;175;180;191;196;201;206;211;216;227;232;237;242;247;252;263;268;273;278;283;288;299;304;309;314;319;324;335;340;345;350;355;360;371;376;381;386;391;396;407;412;417;422;427;432}, 0)>0), 0) * (INDEX('Polla - Grupos'!$D$11:$BR$432, 0, MATCH(G15, 'Polla - Grupos'!$D$8:$BR$8, 0))=5))} -> 0 | J15: {=SUMPRODUCT(IFERROR(N(MATCH(ROW('Polla - Grupos'!$D$11:$D$432), {11;16;21;26;31;36;47;52;57;62;67;72;83;88;93;98;103;108;119;124;129;134;139;144;155;160;165;170;175;180;191;196;201;206;211;216;227;232;237;242;247;252;263;268;273;278;283;288;299;304;309;314;319;324;335;340;345;350;355;360;371;376;381;386;391;396;407;412;417;422;427;432}, 0)>0), 0) * (INDEX('Polla - Grupos'!$D$11:$BR$432, 0, MATCH(G15, 'Polla - Grupos'!$D$8:$BR$8, 0))=3))} -> 0 | K15: {=SUMPRODUCT(IFERROR(N(MATCH(ROW('Polla - Grupos'!$D$11:$D$432), {11;16;21;26;31;36;47;52;57;62;67;72;83;88;93;98;103;108;119;124;129;134;139;144;155;160;165;170;175;180;191;196;201;206;211;216;227;232;237;242;247;252;263;268;273;278;283;288;299;304;309;314;319;324;335;340;345;350;355;360;371;376;381;386;391;396;407;412;417;422;427;432}, 0)>0), 0) * (INDEX('Polla - Grupos'!$D$11:$BR$432, 0, MATCH(G15, 'Polla - Grupos'!$D$8:$BR$8, 0))=2))} -> 0 | L15: {=SUMPRODUCT(IFERROR(N(MATCH(ROW('Polla - Grupos'!$D$11:$D$432), {11;16;21;26;31;36;47;52;57;62;67;72;83;88;93;98;103;108;119;124;129;134;139;144;155;160;165;170;175;180;191;196;201;206;211;216;227;232;237;242;247;252;263;268;273;278;283;288;299;304;309;314;319;324;335;340;345;350;355;360;371;376;381;386;391;396;407;412;417;422;427;432}, 0)>0), 0) * (INDEX('Polla - Grupos'!$D$11:$BR$432, 0, MATCH(G15, 'Polla - Grupos'!$D$8:$BR$8, 0))=1))} -> 0 | M15: =H15 + (I15 * 0.001) + (J15 * 0.000001) + (K15 * 0.000000001) + (L15 * 0.000000000001) -> 0 | O15: =COUNTIF($M$6:$M$70, ">"&M15) + COUNTIF($M$6:M15, M15) -> 10 | P15: =INDEX($G$6:$G$70, MATCH(ROW(A10), $O$6:$O$70, 0)) -> Yoselin Salinas
C16: ='Polla - Grupos'!N8 -> Luis Diaz | D16: ='Polla - Grupos'!N435 -> 0 | E16: =COUNTIF($D$6:$D$64, ">"&D16) + COUNTIF($D$6:D16, D16) -> 11 | G16: =INDEX($C$6:$C$64, MATCH(ROW(A11), $E$6:$E$64, 0)) -> Luis Diaz | H16: =INDEX($D$6:$D$64, MATCH(ROW(A11), $E$6:$E$64, 0)) -> 0 | I16: {=SUMPRODUCT(IFERROR(N(MATCH(ROW('Polla - Grupos'!$D$11:$D$432), {11;16;21;26;31;36;47;52;57;62;67;72;83;88;93;98;103;108;119;124;129;134;139;144;155;160;165;170;175;180;191;196;201;206;211;216;227;232;237;242;247;252;263;268;273;278;283;288;299;304;309;314;319;324;335;340;345;350;355;360;371;376;381;386;391;396;407;412;417;422;427;432}, 0)>0), 0) * (INDEX('Polla - Grupos'!$D$11:$BR$432, 0, MATCH(G16, 'Polla - Grupos'!$D$8:$BR$8, 0))=5))} -> 0 | J16: {=SUMPRODUCT(IFERROR(N(MATCH(ROW('Polla - Grupos'!$D$11:$D$432), {11;16;21;26;31;36;47;52;57;62;67;72;83;88;93;98;103;108;119;124;129;134;139;144;155;160;165;170;175;180;191;196;201;206;211;216;227;232;237;242;247;252;263;268;273;278;283;288;299;304;309;314;319;324;335;340;345;350;355;360;371;376;381;386;391;396;407;412;417;422;427;432}, 0)>0), 0) * (INDEX('Polla - Grupos'!$D$11:$BR$432, 0, MATCH(G16, 'Polla - Grupos'!$D$8:$BR$8, 0))=3))} -> 0 | K16: {=SUMPRODUCT(IFERROR(N(MATCH(ROW('Polla - Grupos'!$D$11:$D$432), {11;16;21;26;31;36;47;52;57;62;67;72;83;88;93;98;103;108;119;124;129;134;139;144;155;160;165;170;175;180;191;196;201;206;211;216;227;232;237;242;247;252;263;268;273;278;283;288;299;304;309;314;319;324;335;340;345;350;355;360;371;376;381;386;391;396;407;412;417;422;427;432}, 0)>0), 0) * (INDEX('Polla - Grupos'!$D$11:$BR$432, 0, MATCH(G16, 'Polla - Grupos'!$D$8:$BR$8, 0))=2))} -> 0 | L16: {=SUMPRODUCT(IFERROR(N(MATCH(ROW('Polla - Grupos'!$D$11:$D$432), {11;16;21;26;31;36;47;52;57;62;67;72;83;88;93;98;103;108;119;124;129;134;139;144;155;160;165;170;175;180;191;196;201;206;211;216;227;232;237;242;247;252;263;268;273;278;283;288;299;304;309;314;319;324;335;340;345;350;355;360;371;376;381;386;391;396;407;412;417;422;427;432}, 0)>0), 0) * (INDEX('Polla - Grupos'!$D$11:$BR$432, 0, MATCH(G16, 'Polla - Grupos'!$D$8:$BR$8, 0))=1))} -> 0 | M16: =H16 + (I16 * 0.001) + (J16 * 0.000001) + (K16 * 0.000000001) + (L16 * 0.000000000001) -> 0 | O16: =COUNTIF($M$6:$M$70, ">"&M16) + COUNTIF($M$6:M16, M16) -> 11 | P16: =INDEX($G$6:$G$70, MATCH(ROW(A11), $O$6:$O$70, 0)) -> Luis Diaz
C17: ='Polla - Grupos'!O8 -> Diela del Carmen | D17: ='Polla - Grupos'!O435 -> 0 | E17: =COUNTIF($D$6:$D$64, ">"&D17) + COUNTIF($D$6:D17, D17) -> 12 | G17: =INDEX($C$6:$C$64, MATCH(ROW(A12), $E$6:$E$64, 0)) -> Diela del Carmen | H17: =INDEX($D$6:$D$64, MATCH(ROW(A12), $E$6:$E$64, 0)) -> 0 | I17: {=SUMPRODUCT(IFERROR(N(MATCH(ROW('Polla - Grupos'!$D$11:$D$432), {11;16;21;26;31;36;47;52;57;62;67;72;83;88;93;98;103;108;119;124;129;134;139;144;155;160;165;170;175;180;191;196;201;206;211;216;227;232;237;242;247;252;263;268;273;278;283;288;299;304;309;314;319;324;335;340;345;350;355;360;371;376;381;386;391;396;407;412;417;422;427;432}, 0)>0), 0) * (INDEX('Polla - Grupos'!$D$11:$BR$432, 0, MATCH(G17, 'Polla - Grupos'!$D$8:$BR$8, 0))=5))} -> 0 | J17: {=SUMPRODUCT(IFERROR(N(MATCH(ROW('Polla - Grupos'!$D$11:$D$432), {11;16;21;26;31;36;47;52;57;62;67;72;83;88;93;98;103;108;119;124;129;134;139;144;155;160;165;170;175;180;191;196;201;206;211;216;227;232;237;242;247;252;263;268;273;278;283;288;299;304;309;314;319;324;335;340;345;350;355;360;371;376;381;386;391;396;407;412;417;422;427;432}, 0)>0), 0) * (INDEX('Polla - Grupos'!$D$11:$BR$432, 0, MATCH(G17, 'Polla - Grupos'!$D$8:$BR$8, 0))=3))} -> 0 | K17: {=SUMPRODUCT(IFERROR(N(MATCH(ROW('Polla - Grupos'!$D$11:$D$432), {11;16;21;26;31;36;47;52;57;62;67;72;83;88;93;98;103;108;119;124;129;134;139;144;155;160;165;170;175;180;191;196;201;206;211;216;227;232;237;242;247;252;263;268;273;278;283;288;299;304;309;314;319;324;335;340;345;350;355;360;371;376;381;386;391;396;407;412;417;422;427;432}, 0)>0), 0) * (INDEX('Polla - Grupos'!$D$11:$BR$432, 0, MATCH(G17, 'Polla - Grupos'!$D$8:$BR$8, 0))=2))} -> 0 | L17: {=SUMPRODUCT(IFERROR(N(MATCH(ROW('Polla - Grupos'!$D$11:$D$432), {11;16;21;26;31;36;47;52;57;62;67;72;83;88;93;98;103;108;119;124;129;134;139;144;155;160;165;170;175;180;191;196;201;206;211;216;227;232;237;242;247;252;263;268;273;278;283;288;299;304;309;314;319;324;335;340;345;350;355;360;371;376;381;386;391;396;407;412;417;422;427;432}, 0)>0), 0) * (INDEX('Polla - Grupos'!$D$11:$BR$432, 0, MATCH(G17, 'Polla - Grupos'!$D$8:$BR$8, 0))=1))} -> 0 | M17: =H17 + (I17 * 0.001) + (J17 * 0.000001) + (K17 * 0.000000001) + (L17 * 0.000000000001) -> 0 | O17: =COUNTIF($M$6:$M$70, ">"&M17) + COUNTIF($M$6:M17, M17) -> 12 | P17: =INDEX($G$6:$G$70, MATCH(ROW(A12), $O$6:$O$70, 0)) -> Diela del Carmen
C18: ='Polla - Grupos'!P8 -> Paola Agredo | D18: ='Polla - Grupos'!P435 -> 0 | E18: =COUNTIF($D$6:$D$64, ">"&D18) + COUNTIF($D$6:D18, D18) -> 13 | G18: =INDEX($C$6:$C$64, MATCH(ROW(A13), $E$6:$E$64, 0)) -> Paola Agredo | H18: =INDEX($D$6:$D$64, MATCH(ROW(A13), $E$6:$E$64, 0)) -> 0 | I18: {=SUMPRODUCT(IFERROR(N(MATCH(ROW('Polla - Grupos'!$D$11:$D$432), {11;16;21;26;31;36;47;52;57;62;67;72;83;88;93;98;103;108;119;124;129;134;139;144;155;160;165;170;175;180;191;196;201;206;211;216;227;232;237;242;247;252;263;268;273;278;283;288;299;304;309;314;319;324;335;340;345;350;355;360;371;376;381;386;391;396;407;412;417;422;427;432}, 0)>0), 0) * (INDEX('Polla - Grupos'!$D$11:$BR$432, 0, MATCH(G18, 'Polla - Grupos'!$D$8:$BR$8, 0))=5))} -> 0 | J18: {=SUMPRODUCT(IFERROR(N(MATCH(ROW('Polla - Grupos'!$D$11:$D$432), {11;16;21;26;31;36;47;52;57;62;67;72;83;88;93;98;103;108;119;124;129;134;139;144;155;160;165;170;175;180;191;196;201;206;211;216;227;232;237;242;247;252;263;268;273;278;283;288;299;304;309;314;319;324;335;340;345;350;355;360;371;376;381;386;391;396;407;412;417;422;427;432}, 0)>0), 0) * (INDEX('Polla - Grupos'!$D$11:$BR$432, 0, MATCH(G18, 'Polla - Grupos'!$D$8:$BR$8, 0))=3))} -> 0 | K18: {=SUMPRODUCT(IFERROR(N(MATCH(ROW('Polla - Grupos'!$D$11:$D$432), {11;16;21;26;31;36;47;52;57;62;67;72;83;88;93;98;103;108;119;124;129;134;139;144;155;160;165;170;175;180;191;196;201;206;211;216;227;232;237;242;247;252;263;268;273;278;283;288;299;304;309;314;319;324;335;340;345;350;355;360;371;376;381;386;391;396;407;412;417;422;427;432}, 0)>0), 0) * (INDEX('Polla - Grupos'!$D$11:$BR$432, 0, MATCH(G18, 'Polla - Grupos'!$D$8:$BR$8, 0))=2))} -> 0 | L18: {=SUMPRODUCT(IFERROR(N(MATCH(ROW('Polla - Grupos'!$D$11:$D$432), {11;16;21;26;31;36;47;52;57;62;67;72;83;88;93;98;103;108;119;124;129;134;139;144;155;160;165;170;175;180;191;196;201;206;211;216;227;232;237;242;247;252;263;268;273;278;283;288;299;304;309;314;319;324;335;340;345;350;355;360;371;376;381;386;391;396;407;412;417;422;427;432}, 0)>0), 0) * (INDEX('Polla - Grupos'!$D$11:$BR$432, 0, MATCH(G18, 'Polla - Grupos'!$D$8:$BR$8, 0))=1))} -> 0 | M18: =H18 + (I18 * 0.001) + (J18 * 0.000001) + (K18 * 0.000000001) + (L18 * 0.000000000001) -> 0 | O18: =COUNTIF($M$6:$M$70, ">"&M18) + COUNTIF($M$6:M18, M18) -> 13 | P18: =INDEX($G$6:$G$70, MATCH(ROW(A13), $O$6:$O$70, 0)) -> Paola Agredo
C19: ='Polla - Grupos'!Q8 -> Oscar Suarez | D19: ='Polla - Grupos'!Q435 -> 0 | E19: =COUNTIF($D$6:$D$64, ">"&D19) + COUNTIF($D$6:D19, D19) -> 14 | G19: =INDEX($C$6:$C$64, MATCH(ROW(A14), $E$6:$E$64, 0)) -> Oscar Suarez | H19: =INDEX($D$6:$D$64, MATCH(ROW(A14), $E$6:$E$64, 0)) -> 0 | I19: {=SUMPRODUCT(IFERROR(N(MATCH(ROW('Polla - Grupos'!$D$11:$D$432), {11;16;21;26;31;36;47;52;57;62;67;72;83;88;93;98;103;108;119;124;129;134;139;144;155;160;165;170;175;180;191;196;201;206;211;216;227;232;237;242;247;252;263;268;273;278;283;288;299;304;309;314;319;324;335;340;345;350;355;360;371;376;381;386;391;396;407;412;417;422;427;432}, 0)>0), 0) * (INDEX('Polla - Grupos'!$D$11:$BR$432, 0, MATCH(G19, 'Polla - Grupos'!$D$8:$BR$8, 0))=5))} -> 0 | J19: {=SUMPRODUCT(IFERROR(N(MATCH(ROW('Polla - Grupos'!$D$11:$D$432), {11;16;21;26;31;36;47;52;57;62;67;72;83;88;93;98;103;108;119;124;129;134;139;144;155;160;165;170;175;180;191;196;201;206;211;216;227;232;237;242;247;252;263;268;273;278;283;288;299;304;309;314;319;324;335;340;345;350;355;360;371;376;381;386;391;396;407;412;417;422;427;432}, 0)>0), 0) * (INDEX('Polla - Grupos'!$D$11:$BR$432, 0, MATCH(G19, 'Polla - Grupos'!$D$8:$BR$8, 0))=3))} -> 0 | K19: {=SUMPRODUCT(IFERROR(N(MATCH(ROW('Polla - Grupos'!$D$11:$D$432), {11;16;21;26;31;36;47;52;57;62;67;72;83;88;93;98;103;108;119;124;129;134;139;144;155;160;165;170;175;180;191;196;201;206;211;216;227;232;237;242;247;252;263;268;273;278;283;288;299;304;309;314;319;324;335;340;345;350;355;360;371;376;381;386;391;396;407;412;417;422;427;432}, 0)>0), 0) * (INDEX('Polla - Grupos'!$D$11:$BR$432, 0, MATCH(G19, 'Polla - Grupos'!$D$8:$BR$8, 0))=2))} -> 0 | L19: {=SUMPRODUCT(IFERROR(N(MATCH(ROW('Polla - Grupos'!$D$11:$D$432), {11;16;21;26;31;36;47;52;57;62;67;72;83;88;93;98;103;108;119;124;129;134;139;144;155;160;165;170;175;180;191;196;201;206;211;216;227;232;237;242;247;252;263;268;273;278;283;288;299;304;309;314;319;324;335;340;345;350;355;360;371;376;381;386;391;396;407;412;417;422;427;432}, 0)>0), 0) * (INDEX('Polla - Grupos'!$D$11:$BR$432, 0, MATCH(G19, 'Polla - Grupos'!$D$8:$BR$8, 0))=1))} -> 0 | M19: =H19 + (I19 * 0.001) + (J19 * 0.000001) + (K19 * 0.000000001) + (L19 * 0.000000000001) -> 0 | O19: =COUNTIF($M$6:$M$70, ">"&M19) + COUNTIF($M$6:M19, M19) -> 14 | P19: =INDEX($G$6:$G$70, MATCH(ROW(A14), $O$6:$O$70, 0)) -> Oscar Suarez
C20: ='Polla - Grupos'!R8 -> Paulo Figueroa | D20: ='Polla - Grupos'!R435 -> 0 | E20: =COUNTIF($D$6:$D$64, ">"&D20) + COUNTIF($D$6:D20, D20) -> 15 | G20: =INDEX($C$6:$C$64, MATCH(ROW(A15), $E$6:$E$64, 0)) -> Paulo Figueroa | H20: =INDEX($D$6:$D$64, MATCH(ROW(A15), $E$6:$E$64, 0)) -> 0 | I20: {=SUMPRODUCT(IFERROR(N(MATCH(ROW('Polla - Grupos'!$D$11:$D$432), {11;16;21;26;31;36;47;52;57;62;67;72;83;88;93;98;103;108;119;124;129;134;139;144;155;160;165;170;175;180;191;196;201;206;211;216;227;232;237;242;247;252;263;268;273;278;283;288;299;304;309;314;319;324;335;340;345;350;355;360;371;376;381;386;391;396;407;412;417;422;427;432}, 0)>0), 0) * (INDEX('Polla - Grupos'!$D$11:$BR$432, 0, MATCH(G20, 'Polla - Grupos'!$D$8:$BR$8, 0))=5))} -> 0 | J20: {=SUMPRODUCT(IFERROR(N(MATCH(ROW('Polla - Grupos'!$D$11:$D$432), {11;16;21;26;31;36;47;52;57;62;67;72;83;88;93;98;103;108;119;124;129;134;139;144;155;160;165;170;175;180;191;196;201;206;211;216;227;232;237;242;247;252;263;268;273;278;283;288;299;304;309;314;319;324;335;340;345;350;355;360;371;376;381;386;391;396;407;412;417;422;427;432}, 0)>0), 0) * (INDEX('Polla - Grupos'!$D$11:$BR$432, 0, MATCH(G20, 'Polla - Grupos'!$D$8:$BR$8, 0))=3))} -> 0 | K20: {=SUMPRODUCT(IFERROR(N(MATCH(ROW('Polla - Grupos'!$D$11:$D$432), {11;16;21;26;31;36;47;52;57;62;67;72;83;88;93;98;103;108;119;124;129;134;139;144;155;160;165;170;175;180;191;196;201;206;211;216;227;232;237;242;247;252;263;268;273;278;283;288;299;304;309;314;319;324;335;340;345;350;355;360;371;376;381;386;391;396;407;412;417;422;427;432}, 0)>0), 0) * (INDEX('Polla - Grupos'!$D$11:$BR$432, 0, MATCH(G20, 'Polla - Grupos'!$D$8:$BR$8, 0))=2))} -> 0 | L20: {=SUMPRODUCT(IFERROR(N(MATCH(ROW('Polla - Grupos'!$D$11:$D$432), {11;16;21;26;31;36;47;52;57;62;67;72;83;88;93;98;103;108;119;124;129;134;139;144;155;160;165;170;175;180;191;196;201;206;211;216;227;232;237;242;247;252;263;268;273;278;283;288;299;304;309;314;319;324;335;340;345;350;355;360;371;376;381;386;391;396;407;412;417;422;427;432}, 0)>0), 0) * (INDEX('Polla - Grupos'!$D$11:$BR$432, 0, MATCH(G20, 'Polla - Grupos'!$D$8:$BR$8, 0))=1))} -> 0 | M20: =H20 + (I20 * 0.001) + (J20 * 0.000001) + (K20 * 0.000000001) + (L20 * 0.000000000001) -> 0 | O20: =COUNTIF($M$6:$M$70, ">"&M20) + COUNTIF($M$6:M20, M20) -> 15 | P20: =INDEX($G$6:$G$70, MATCH(ROW(A15), $O$6:$O$70, 0)) -> Paulo Figueroa
C21: ='Polla - Grupos'!S8 -> Jean Piere | D21: ='Polla - Grupos'!S435 -> 0 | E21: =COUNTIF($D$6:$D$64, ">"&D21) + COUNTIF($D$6:D21, D21) -> 16 | G21: =INDEX($C$6:$C$64, MATCH(ROW(A16), $E$6:$E$64, 0)) -> Jean Piere | H21: =INDEX($D$6:$D$64, MATCH(ROW(A16), $E$6:$E$64, 0)) -> 0 | I21: {=SUMPRODUCT(IFERROR(N(MATCH(ROW('Polla - Grupos'!$D$11:$D$432), {11;16;21;26;31;36;47;52;57;62;67;72;83;88;93;98;103;108;119;124;129;134;139;144;155;160;165;170;175;180;191;196;201;206;211;216;227;232;237;242;247;252;263;268;273;278;283;288;299;304;309;314;319;324;335;340;345;350;355;360;371;376;381;386;391;396;407;412;417;422;427;432}, 0)>0), 0) * (INDEX('Polla - Grupos'!$D$11:$BR$432, 0, MATCH(G21, 'Polla - Grupos'!$D$8:$BR$8, 0))=5))} -> 0 | J21: {=SUMPRODUCT(IFERROR(N(MATCH(ROW('Polla - Grupos'!$D$11:$D$432), {11;16;21;26;31;36;47;52;57;62;67;72;83;88;93;98;103;108;119;124;129;134;139;144;155;160;165;170;175;180;191;196;201;206;211;216;227;232;237;242;247;252;263;268;273;278;283;288;299;304;309;314;319;324;335;340;345;350;355;360;371;376;381;386;391;396;407;412;417;422;427;432}, 0)>0), 0) * (INDEX('Polla - Grupos'!$D$11:$BR$432, 0, MATCH(G21, 'Polla - Grupos'!$D$8:$BR$8, 0))=3))} -> 0 | K21: {=SUMPRODUCT(IFERROR(N(MATCH(ROW('Polla - Grupos'!$D$11:$D$432), {11;16;21;26;31;36;47;52;57;62;67;72;83;88;93;98;103;108;119;124;129;134;139;144;155;160;165;170;175;180;191;196;201;206;211;216;227;232;237;242;247;252;263;268;273;278;283;288;299;304;309;314;319;324;335;340;345;350;355;360;371;376;381;386;391;396;407;412;417;422;427;432}, 0)>0), 0) * (INDEX('Polla - Grupos'!$D$11:$BR$432, 0, MATCH(G21, 'Polla - Grupos'!$D$8:$BR$8, 0))=2))} -> 0 | L21: {=SUMPRODUCT(IFERROR(N(MATCH(ROW('Polla - Grupos'!$D$11:$D$432), {11;16;21;26;31;36;47;52;57;62;67;72;83;88;93;98;103;108;119;124;129;134;139;144;155;160;165;170;175;180;191;196;201;206;211;216;227;232;237;242;247;252;263;268;273;278;283;288;299;304;309;314;319;324;335;340;345;350;355;360;371;376;381;386;391;396;407;412;417;422;427;432}, 0)>0), 0) * (INDEX('Polla - Grupos'!$D$11:$BR$432, 0, MATCH(G21, 'Polla - Grupos'!$D$8:$BR$8, 0))=1))} -> 0 | M21: =H21 + (I21 * 0.001) + (J21 * 0.000001) + (K21 * 0.000000001) + (L21 * 0.000000000001) -> 0 | O21: =COUNTIF($M$6:$M$70, ">"&M21) + COUNTIF($M$6:M21, M21) -> 16 | P21: =INDEX($G$6:$G$70, MATCH(ROW(A16), $O$6:$O$70, 0)) -> Jean Piere
C22: ='Polla - Grupos'!T8 -> David Diaz | D22: ='Polla - Grupos'!T435 -> 0 | E22: =COUNTIF($D$6:$D$64, ">"&D22) + COUNTIF($D$6:D22, D22) -> 17 | G22: =INDEX($C$6:$C$64, MATCH(ROW(A17), $E$6:$E$64, 0)) -> David Diaz | H22: =INDEX($D$6:$D$64, MATCH(ROW(A17), $E$6:$E$64, 0)) -> 0 | I22: {=SUMPRODUCT(IFERROR(N(MATCH(ROW('Polla - Grupos'!$D$11:$D$432), {11;16;21;26;31;36;47;52;57;62;67;72;83;88;93;98;103;108;119;124;129;134;139;144;155;160;165;170;175;180;191;196;201;206;211;216;227;232;237;242;247;252;263;268;273;278;283;288;299;304;309;314;319;324;335;340;345;350;355;360;371;376;381;386;391;396;407;412;417;422;427;432}, 0)>0), 0) * (INDEX('Polla - Grupos'!$D$11:$BR$432, 0, MATCH(G22, 'Polla - Grupos'!$D$8:$BR$8, 0))=5))} -> 0 | J22: {=SUMPRODUCT(IFERROR(N(MATCH(ROW('Polla - Grupos'!$D$11:$D$432), {11;16;21;26;31;36;47;52;57;62;67;72;83;88;93;98;103;108;119;124;129;134;139;144;155;160;165;170;175;180;191;196;201;206;211;216;227;232;237;242;247;252;263;268;273;278;283;288;299;304;309;314;319;324;335;340;345;350;355;360;371;376;381;386;391;396;407;412;417;422;427;432}, 0)>0), 0) * (INDEX('Polla - Grupos'!$D$11:$BR$432, 0, MATCH(G22, 'Polla - Grupos'!$D$8:$BR$8, 0))=3))} -> 0 | K22: {=SUMPRODUCT(IFERROR(N(MATCH(ROW('Polla - Grupos'!$D$11:$D$432), {11;16;21;26;31;36;47;52;57;62;67;72;83;88;93;98;103;108;119;124;129;134;139;144;155;160;165;170;175;180;191;196;201;206;211;216;227;232;237;242;247;252;263;268;273;278;283;288;299;304;309;314;319;324;335;340;345;350;355;360;371;376;381;386;391;396;407;412;417;422;427;432}, 0)>0), 0) * (INDEX('Polla - Grupos'!$D$11:$BR$432, 0, MATCH(G22, 'Polla - Grupos'!$D$8:$BR$8, 0))=2))} -> 0 | L22: {=SUMPRODUCT(IFERROR(N(MATCH(ROW('Polla - Grupos'!$D$11:$D$432), {11;16;21;26;31;36;47;52;57;62;67;72;83;88;93;98;103;108;119;124;129;134;139;144;155;160;165;170;175;180;191;196;201;206;211;216;227;232;237;242;247;252;263;268;273;278;283;288;299;304;309;314;319;324;335;340;345;350;355;360;371;376;381;386;391;396;407;412;417;422;427;432}, 0)>0), 0) * (INDEX('Polla - Grupos'!$D$11:$BR$432, 0, MATCH(G22, 'Polla - Grupos'!$D$8:$BR$8, 0))=1))} -> 0 | M22: =H22 + (I22 * 0.001) + (J22 * 0.000001) + (K22 * 0.000000001) + (L22 * 0.000000000001) -> 0 | O22: =COUNTIF($M$6:$M$70, ">"&M22) + COUNTIF($M$6:M22, M22) -> 17 | P22: =INDEX($G$6:$G$70, MATCH(ROW(A17), $O$6:$O$70, 0)) -> David Diaz
C23: ='Polla - Grupos'!U8 -> Christian Giraldo | D23: ='Polla - Grupos'!U435 -> 0 | E23: =COUNTIF($D$6:$D$64, ">"&D23) + COUNTIF($D$6:D23, D23) -> 18 | G23: =INDEX($C$6:$C$64, MATCH(ROW(A18), $E$6:$E$64, 0)) -> Christian Giraldo | H23: =INDEX($D$6:$D$64, MATCH(ROW(A18), $E$6:$E$64, 0)) -> 0 | I23: {=SUMPRODUCT(IFERROR(N(MATCH(ROW('Polla - Grupos'!$D$11:$D$432), {11;16;21;26;31;36;47;52;57;62;67;72;83;88;93;98;103;108;119;124;129;134;139;144;155;160;165;170;175;180;191;196;201;206;211;216;227;232;237;242;247;252;263;268;273;278;283;288;299;304;309;314;319;324;335;340;345;350;355;360;371;376;381;386;391;396;407;412;417;422;427;432}, 0)>0), 0) * (INDEX('Polla - Grupos'!$D$11:$BR$432, 0, MATCH(G23, 'Polla - Grupos'!$D$8:$BR$8, 0))=5))} -> 0 | J23: {=SUMPRODUCT(IFERROR(N(MATCH(ROW('Polla - Grupos'!$D$11:$D$432), {11;16;21;26;31;36;47;52;57;62;67;72;83;88;93;98;103;108;119;124;129;134;139;144;155;160;165;170;175;180;191;196;201;206;211;216;227;232;237;242;247;252;263;268;273;278;283;288;299;304;309;314;319;324;335;340;345;350;355;360;371;376;381;386;391;396;407;412;417;422;427;432}, 0)>0), 0) * (INDEX('Polla - Grupos'!$D$11:$BR$432, 0, MATCH(G23, 'Polla - Grupos'!$D$8:$BR$8, 0))=3))} -> 0 | K23: {=SUMPRODUCT(IFERROR(N(MATCH(ROW('Polla - Grupos'!$D$11:$D$432), {11;16;21;26;31;36;47;52;57;62;67;72;83;88;93;98;103;108;119;124;129;134;139;144;155;160;165;170;175;180;191;196;201;206;211;216;227;232;237;242;247;252;263;268;273;278;283;288;299;304;309;314;319;324;335;340;345;350;355;360;371;376;381;386;391;396;407;412;417;422;427;432}, 0)>0), 0) * (INDEX('Polla - Grupos'!$D$11:$BR$432, 0, MATCH(G23, 'Polla - Grupos'!$D$8:$BR$8, 0))=2))} -> 0 | L23: {=SUMPRODUCT(IFERROR(N(MATCH(ROW('Polla - Grupos'!$D$11:$D$432), {11;16;21;26;31;36;47;52;57;62;67;72;83;88;93;98;103;108;119;124;129;134;139;144;155;160;165;170;175;180;191;196;201;206;211;216;227;232;237;242;247;252;263;268;273;278;283;288;299;304;309;314;319;324;335;340;345;350;355;360;371;376;381;386;391;396;407;412;417;422;427;432}, 0)>0), 0) * (INDEX('Polla - Grupos'!$D$11:$BR$432, 0, MATCH(G23, 'Polla - Grupos'!$D$8:$BR$8, 0))=1))} -> 0 | M23: =H23 + (I23 * 0.001) + (J23 * 0.000001) + (K23 * 0.000000001) + (L23 * 0.000000000001) -> 0 | O23: =COUNTIF($M$6:$M$70, ">"&M23) + COUNTIF($M$6:M23, M23) -> 18 | P23: =INDEX($G$6:$G$70, MATCH(ROW(A18), $O$6:$O$70, 0)) -> Christian Giraldo
C24: ='Polla - Grupos'!V8 -> Viviana Hurtado | D24: ='Polla - Grupos'!V435 -> 0 | E24: =COUNTIF($D$6:$D$64, ">"&D24) + COUNTIF($D$6:D24, D24) -> 19 | G24: =INDEX($C$6:$C$64, MATCH(ROW(A19), $E$6:$E$64, 0)) -> Viviana Hurtado | H24: =INDEX($D$6:$D$64, MATCH(ROW(A19), $E$6:$E$64, 0)) -> 0 | I24: {=SUMPRODUCT(IFERROR(N(MATCH(ROW('Polla - Grupos'!$D$11:$D$432), {11;16;21;26;31;36;47;52;57;62;67;72;83;88;93;98;103;108;119;124;129;134;139;144;155;160;165;170;175;180;191;196;201;206;211;216;227;232;237;242;247;252;263;268;273;278;283;288;299;304;309;314;319;324;335;340;345;350;355;360;371;376;381;386;391;396;407;412;417;422;427;432}, 0)>0), 0) * (INDEX('Polla - Grupos'!$D$11:$BR$432, 0, MATCH(G24, 'Polla - Grupos'!$D$8:$BR$8, 0))=5))} -> 0 | J24: {=SUMPRODUCT(IFERROR(N(MATCH(ROW('Polla - Grupos'!$D$11:$D$432), {11;16;21;26;31;36;47;52;57;62;67;72;83;88;93;98;103;108;119;124;129;134;139;144;155;160;165;170;175;180;191;196;201;206;211;216;227;232;237;242;247;252;263;268;273;278;283;288;299;304;309;314;319;324;335;340;345;350;355;360;371;376;381;386;391;396;407;412;417;422;427;432}, 0)>0), 0) * (INDEX('Polla - Grupos'!$D$11:$BR$432, 0, MATCH(G24, 'Polla - Grupos'!$D$8:$BR$8, 0))=3))} -> 0 | K24: {=SUMPRODUCT(IFERROR(N(MATCH(ROW('Polla - Grupos'!$D$11:$D$432), {11;16;21;26;31;36;47;52;57;62;67;72;83;88;93;98;103;108;119;124;129;134;139;144;155;160;165;170;175;180;191;196;201;206;211;216;227;232;237;242;247;252;263;268;273;278;283;288;299;304;309;314;319;324;335;340;345;350;355;360;371;376;381;386;391;396;407;412;417;422;427;432}, 0)>0), 0) * (INDEX('Polla - Grupos'!$D$11:$BR$432, 0, MATCH(G24, 'Polla - Grupos'!$D$8:$BR$8, 0))=2))} -> 0 | L24: {=SUMPRODUCT(IFERROR(N(MATCH(ROW('Polla - Grupos'!$D$11:$D$432), {11;16;21;26;31;36;47;52;57;62;67;72;83;88;93;98;103;108;119;124;129;134;139;144;155;160;165;170;175;180;191;196;201;206;211;216;227;232;237;242;247;252;263;268;273;278;283;288;299;304;309;314;319;324;335;340;345;350;355;360;371;376;381;386;391;396;407;412;417;422;427;432}, 0)>0), 0) * (INDEX('Polla - Grupos'!$D$11:$BR$432, 0, MATCH(G24, 'Polla - Grupos'!$D$8:$BR$8, 0))=1))} -> 0 | M24: =H24 + (I24 * 0.001) + (J24 * 0.000001) + (K24 * 0.000000001) + (L24 * 0.000000000001) -> 0 | O24: =COUNTIF($M$6:$M$70, ">"&M24) + COUNTIF($M$6:M24, M24) -> 19 | P24: =INDEX($G$6:$G$70, MATCH(ROW(A19), $O$6:$O$70, 0)) -> Viviana Hurtado
C25: ='Polla - Grupos'!W8 -> James Chavez Ocampo | D25: ='Polla - Grupos'!W435 -> 0 | E25: =COUNTIF($D$6:$D$64, ">"&D25) + COUNTIF($D$6:D25, D25) -> 20 | G25: =INDEX($C$6:$C$64, MATCH(ROW(A20), $E$6:$E$64, 0)) -> James Chavez Ocampo | H25: =INDEX($D$6:$D$64, MATCH(ROW(A20), $E$6:$E$64, 0)) -> 0 | I25: {=SUMPRODUCT(IFERROR(N(MATCH(ROW('Polla - Grupos'!$D$11:$D$432), {11;16;21;26;31;36;47;52;57;62;67;72;83;88;93;98;103;108;119;124;129;134;139;144;155;160;165;170;175;180;191;196;201;206;211;216;227;232;237;242;247;252;263;268;273;278;283;288;299;304;309;314;319;324;335;340;345;350;355;360;371;376;381;386;391;396;407;412;417;422;427;432}, 0)>0), 0) * (INDEX('Polla - Grupos'!$D$11:$BR$432, 0, MATCH(G25, 'Polla - Grupos'!$D$8:$BR$8, 0))=5))} -> 0 | J25: {=SUMPRODUCT(IFERROR(N(MATCH(ROW('Polla - Grupos'!$D$11:$D$432), {11;16;21;26;31;36;47;52;57;62;67;72;83;88;93;98;103;108;119;124;129;134;139;144;155;160;165;170;175;180;191;196;201;206;211;216;227;232;237;242;247;252;263;268;273;278;283;288;299;304;309;314;319;324;335;340;345;350;355;360;371;376;381;386;391;396;407;412;417;422;427;432}, 0)>0), 0) * (INDEX('Polla - Grupos'!$D$11:$BR$432, 0, MATCH(G25, 'Polla - Grupos'!$D$8:$BR$8, 0))=3))} -> 0 | K25: {=SUMPRODUCT(IFERROR(N(MATCH(ROW('Polla - Grupos'!$D$11:$D$432), {11;16;21;26;31;36;47;52;57;62;67;72;83;88;93;98;103;108;119;124;129;134;139;144;155;160;165;170;175;180;191;196;201;206;211;216;227;232;237;242;247;252;263;268;273;278;283;288;299;304;309;314;319;324;335;340;345;350;355;360;371;376;381;386;391;396;407;412;417;422;427;432}, 0)>0), 0) * (INDEX('Polla - Grupos'!$D$11:$BR$432, 0, MATCH(G25, 'Polla - Grupos'!$D$8:$BR$8, 0))=2))} -> 0 | L25: {=SUMPRODUCT(IFERROR(N(MATCH(ROW('Polla - Grupos'!$D$11:$D$432), {11;16;21;26;31;36;47;52;57;62;67;72;83;88;93;98;103;108;119;124;129;134;139;144;155;160;165;170;175;180;191;196;201;206;211;216;227;232;237;242;247;252;263;268;273;278;283;288;299;304;309;314;319;324;335;340;345;350;355;360;371;376;381;386;391;396;407;412;417;422;427;432}, 0)>0), 0) * (INDEX('Polla - Grupos'!$D$11:$BR$432, 0, MATCH(G25, 'Polla - Grupos'!$D$8:$BR$8, 0))=1))} -> 0 | M25: =H25 + (I25 * 0.001) + (J25 * 0.000001) + (K25 * 0.000000001) + (L25 * 0.000000000001) -> 0 | O25: =COUNTIF($M$6:$M$70, ">"&M25) + COUNTIF($M$6:M25, M25) -> 20 | P25: =INDEX($G$6:$G$70, MATCH(ROW(A20), $O$6:$O$70, 0)) -> James Chavez Ocampo
C26: ='Polla - Grupos'!X8 -> Luis Felipe Sanchez | D26: ='Polla - Grupos'!X435 -> 0 | E26: =COUNTIF($D$6:$D$64, ">"&D26) + COUNTIF($D$6:D26, D26) -> 21 | G26: =INDEX($C$6:$C$64, MATCH(ROW(A21), $E$6:$E$64, 0)) -> Luis Felipe Sanchez | H26: =INDEX($D$6:$D$64, MATCH(ROW(A21), $E$6:$E$64, 0)) -> 0 | I26: {=SUMPRODUCT(IFERROR(N(MATCH(ROW('Polla - Grupos'!$D$11:$D$432), {11;16;21;26;31;36;47;52;57;62;67;72;83;88;93;98;103;108;119;124;129;134;139;144;155;160;165;170;175;180;191;196;201;206;211;216;227;232;237;242;247;252;263;268;273;278;283;288;299;304;309;314;319;324;335;340;345;350;355;360;371;376;381;386;391;396;407;412;417;422;427;432}, 0)>0), 0) * (INDEX('Polla - Grupos'!$D$11:$BR$432, 0, MATCH(G26, 'Polla - Grupos'!$D$8:$BR$8, 0))=5))} -> 0 | J26: {=SUMPRODUCT(IFERROR(N(MATCH(ROW('Polla - Grupos'!$D$11:$D$432), {11;16;21;26;31;36;47;52;57;62;67;72;83;88;93;98;103;108;119;124;129;134;139;144;155;160;165;170;175;180;191;196;201;206;211;216;227;232;237;242;247;252;263;268;273;278;283;288;299;304;309;314;319;324;335;340;345;350;355;360;371;376;381;386;391;396;407;412;417;422;427;432}, 0)>0), 0) * (INDEX('Polla - Grupos'!$D$11:$BR$432, 0, MATCH(G26, 'Polla - Grupos'!$D$8:$BR$8, 0))=3))} -> 0 | K26: {=SUMPRODUCT(IFERROR(N(MATCH(ROW('Polla - Grupos'!$D$11:$D$432), {11;16;21;26;31;36;47;52;57;62;67;72;83;88;93;98;103;108;119;124;129;134;139;144;155;160;165;170;175;180;191;196;201;206;211;216;227;232;237;242;247;252;263;268;273;278;283;288;299;304;309;314;319;324;335;340;345;350;355;360;371;376;381;386;391;396;407;412;417;422;427;432}, 0)>0), 0) * (INDEX('Polla - Grupos'!$D$11:$BR$432, 0, MATCH(G26, 'Polla - Grupos'!$D$8:$BR$8, 0))=2))} -> 0 | L26: {=SUMPRODUCT(IFERROR(N(MATCH(ROW('Polla - Grupos'!$D$11:$D$432), {11;16;21;26;31;36;47;52;57;62;67;72;83;88;93;98;103;108;119;124;129;134;139;144;155;160;165;170;175;180;191;196;201;206;211;216;227;232;237;242;247;252;263;268;273;278;283;288;299;304;309;314;319;324;335;340;345;350;355;360;371;376;381;386;391;396;407;412;417;422;427;432}, 0)>0), 0) * (INDEX('Polla - Grupos'!$D$11:$BR$432, 0, MATCH(G26, 'Polla - Grupos'!$D$8:$BR$8, 0))=1))} -> 0 | M26: =H26 + (I26 * 0.001) + (J26 * 0.000001) + (K26 * 0.000000001) + (L26 * 0.000000000001) -> 0 | O26: =COUNTIF($M$6:$M$70, ">"&M26) + COUNTIF($M$6:M26, M26) -> 21 | P26: =INDEX($G$6:$G$70, MATCH(ROW(A21), $O$6:$O$70, 0)) -> Luis Felipe Sanchez
C27: ='Polla - Grupos'!Y8 -> Laura Ossa | D27: ='Polla - Grupos'!Y435 -> 0 | E27: =COUNTIF($D$6:$D$64, ">"&D27) + COUNTIF($D$6:D27, D27) -> 22 | G27: =INDEX($C$6:$C$64, MATCH(ROW(A22), $E$6:$E$64, 0)) -> Laura Ossa | H27: =INDEX($D$6:$D$64, MATCH(ROW(A22), $E$6:$E$64, 0)) -> 0 | I27: {=SUMPRODUCT(IFERROR(N(MATCH(ROW('Polla - Grupos'!$D$11:$D$432), {11;16;21;26;31;36;47;52;57;62;67;72;83;88;93;98;103;108;119;124;129;134;139;144;155;160;165;170;175;180;191;196;201;206;211;216;227;232;237;242;247;252;263;268;273;278;283;288;299;304;309;314;319;324;335;340;345;350;355;360;371;376;381;386;391;396;407;412;417;422;427;432}, 0)>0), 0) * (INDEX('Polla - Grupos'!$D$11:$BR$432, 0, MATCH(G27, 'Polla - Grupos'!$D$8:$BR$8, 0))=5))} -> 0 | J27: {=SUMPRODUCT(IFERROR(N(MATCH(ROW('Polla - Grupos'!$D$11:$D$432), {11;16;21;26;31;36;47;52;57;62;67;72;83;88;93;98;103;108;119;124;129;134;139;144;155;160;165;170;175;180;191;196;201;206;211;216;227;232;237;242;247;252;263;268;273;278;283;288;299;304;309;314;319;324;335;340;345;350;355;360;371;376;381;386;391;396;407;412;417;422;427;432}, 0)>0), 0) * (INDEX('Polla - Grupos'!$D$11:$BR$432, 0, MATCH(G27, 'Polla - Grupos'!$D$8:$BR$8, 0))=3))} -> 0 | K27: {=SUMPRODUCT(IFERROR(N(MATCH(ROW('Polla - Grupos'!$D$11:$D$432), {11;16;21;26;31;36;47;52;57;62;67;72;83;88;93;98;103;108;119;124;129;134;139;144;155;160;165;170;175;180;191;196;201;206;211;216;227;232;237;242;247;252;263;268;273;278;283;288;299;304;309;314;319;324;335;340;345;350;355;360;371;376;381;386;391;396;407;412;417;422;427;432}, 0)>0), 0) * (INDEX('Polla - Grupos'!$D$11:$BR$432, 0, MATCH(G27, 'Polla - Grupos'!$D$8:$BR$8, 0))=2))} -> 0 | L27: {=SUMPRODUCT(IFERROR(N(MATCH(ROW('Polla - Grupos'!$D$11:$D$432), {11;16;21;26;31;36;47;52;57;62;67;72;83;88;93;98;103;108;119;124;129;134;139;144;155;160;165;170;175;180;191;196;201;206;211;216;227;232;237;242;247;252;263;268;273;278;283;288;299;304;309;314;319;324;335;340;345;350;355;360;371;376;381;386;391;396;407;412;417;422;427;432}, 0)>0), 0) * (INDEX('Polla - Grupos'!$D$11:$BR$432, 0, MATCH(G27, 'Polla - Grupos'!$D$8:$BR$8, 0))=1))} -> 0 | M27: =H27 + (I27 * 0.001) + (J27 * 0.000001) + (K27 * 0.000000001) + (L27 * 0.000000000001) -> 0 | O27: =COUNTIF($M$6:$M$70, ">"&M27) + COUNTIF($M$6:M27, M27) -> 22 | P27: =INDEX($G$6:$G$70, MATCH(ROW(A22), $O$6:$O$70, 0)) -> Laura Ossa
C28: ='Polla - Grupos'!Z8 -> Elizabeth Montealegre | D28: ='Polla - Grupos'!Z435 -> 0 | E28: =COUNTIF($D$6:$D$64, ">"&D28) + COUNTIF($D$6:D28, D28) -> 23 | G28: =INDEX($C$6:$C$64, MATCH(ROW(A23), $E$6:$E$64, 0)) -> Elizabeth Montealegre | H28: =INDEX($D$6:$D$64, MATCH(ROW(A23), $E$6:$E$64, 0)) -> 0 | I28: {=SUMPRODUCT(IFERROR(N(MATCH(ROW('Polla - Grupos'!$D$11:$D$432), {11;16;21;26;31;36;47;52;57;62;67;72;83;88;93;98;103;108;119;124;129;134;139;144;155;160;165;170;175;180;191;196;201;206;211;216;227;232;237;242;247;252;263;268;273;278;283;288;299;304;309;314;319;324;335;340;345;350;355;360;371;376;381;386;391;396;407;412;417;422;427;432}, 0)>0), 0) * (INDEX('Polla - Grupos'!$D$11:$BR$432, 0, MATCH(G28, 'Polla - Grupos'!$D$8:$BR$8, 0))=5))} -> 0 | J28: {=SUMPRODUCT(IFERROR(N(MATCH(ROW('Polla - Grupos'!$D$11:$D$432), {11;16;21;26;31;36;47;52;57;62;67;72;83;88;93;98;103;108;119;124;129;134;139;144;155;160;165;170;175;180;191;196;201;206;211;216;227;232;237;242;247;252;263;268;273;278;283;288;299;304;309;314;319;324;335;340;345;350;355;360;371;376;381;386;391;396;407;412;417;422;427;432}, 0)>0), 0) * (INDEX('Polla - Grupos'!$D$11:$BR$432, 0, MATCH(G28, 'Polla - Grupos'!$D$8:$BR$8, 0))=3))} -> 0 | K28: {=SUMPRODUCT(IFERROR(N(MATCH(ROW('Polla - Grupos'!$D$11:$D$432), {11;16;21;26;31;36;47;52;57;62;67;72;83;88;93;98;103;108;119;124;129;134;139;144;155;160;165;170;175;180;191;196;201;206;211;216;227;232;237;242;247;252;263;268;273;278;283;288;299;304;309;314;319;324;335;340;345;350;355;360;371;376;381;386;391;396;407;412;417;422;427;432}, 0)>0), 0) * (INDEX('Polla - Grupos'!$D$11:$BR$432, 0, MATCH(G28, 'Polla - Grupos'!$D$8:$BR$8, 0))=2))} -> 0 | L28: {=SUMPRODUCT(IFERROR(N(MATCH(ROW('Polla - Grupos'!$D$11:$D$432), {11;16;21;26;31;36;47;52;57;62;67;72;83;88;93;98;103;108;119;124;129;134;139;144;155;160;165;170;175;180;191;196;201;206;211;216;227;232;237;242;247;252;263;268;273;278;283;288;299;304;309;314;319;324;335;340;345;350;355;360;371;376;381;386;391;396;407;412;417;422;427;432}, 0)>0), 0) * (INDEX('Polla - Grupos'!$D$11:$BR$432, 0, MATCH(G28, 'Polla - Grupos'!$D$8:$BR$8, 0))=1))} -> 0 | M28: =H28 + (I28 * 0.001) + (J28 * 0.000001) + (K28 * 0.000000001) + (L28 * 0.000000000001) -> 0 | O28: =COUNTIF($M$6:$M$70, ">"&M28) + COUNTIF($M$6:M28, M28) -> 23 | P28: =INDEX($G$6:$G$70, MATCH(ROW(A23), $O$6:$O$70, 0)) -> Elizabeth Montealegre
C29: ='Polla - Grupos'!AA8 -> Liliana Montealegre | D29: ='Polla - Grupos'!AA435 -> 0 | E29: =COUNTIF($D$6:$D$64, ">"&D29) + COUNTIF($D$6:D29, D29) -> 24 | G29: =INDEX($C$6:$C$64, MATCH(ROW(A24), $E$6:$E$64, 0)) -> Liliana Montealegre | H29: =INDEX($D$6:$D$64, MATCH(ROW(A24), $E$6:$E$64, 0)) -> 0 | I29: {=SUMPRODUCT(IFERROR(N(MATCH(ROW('Polla - Grupos'!$D$11:$D$432), {11;16;21;26;31;36;47;52;57;62;67;72;83;88;93;98;103;108;119;124;129;134;139;144;155;160;165;170;175;180;191;196;201;206;211;216;227;232;237;242;247;252;263;268;273;278;283;288;299;304;309;314;319;324;335;340;345;350;355;360;371;376;381;386;391;396;407;412;417;422;427;432}, 0)>0), 0) * (INDEX('Polla - Grupos'!$D$11:$BR$432, 0, MATCH(G29, 'Polla - Grupos'!$D$8:$BR$8, 0))=5))} -> 0 | J29: {=SUMPRODUCT(IFERROR(N(MATCH(ROW('Polla - Grupos'!$D$11:$D$432), {11;16;21;26;31;36;47;52;57;62;67;72;83;88;93;98;103;108;119;124;129;134;139;144;155;160;165;170;175;180;191;196;201;206;211;216;227;232;237;242;247;252;263;268;273;278;283;288;299;304;309;314;319;324;335;340;345;350;355;360;371;376;381;386;391;396;407;412;417;422;427;432}, 0)>0), 0) * (INDEX('Polla - Grupos'!$D$11:$BR$432, 0, MATCH(G29, 'Polla - Grupos'!$D$8:$BR$8, 0))=3))} -> 0 | K29: {=SUMPRODUCT(IFERROR(N(MATCH(ROW('Polla - Grupos'!$D$11:$D$432), {11;16;21;26;31;36;47;52;57;62;67;72;83;88;93;98;103;108;119;124;129;134;139;144;155;160;165;170;175;180;191;196;201;206;211;216;227;232;237;242;247;252;263;268;273;278;283;288;299;304;309;314;319;324;335;340;345;350;355;360;371;376;381;386;391;396;407;412;417;422;427;432}, 0)>0), 0) * (INDEX('Polla - Grupos'!$D$11:$BR$432, 0, MATCH(G29, 'Polla - Grupos'!$D$8:$BR$8, 0))=2))} -> 0 | L29: {=SUMPRODUCT(IFERROR(N(MATCH(ROW('Polla - Grupos'!$D$11:$D$432), {11;16;21;26;31;36;47;52;57;62;67;72;83;88;93;98;103;108;119;124;129;134;139;144;155;160;165;170;175;180;191;196;201;206;211;216;227;232;237;242;247;252;263;268;273;278;283;288;299;304;309;314;319;324;335;340;345;350;355;360;371;376;381;386;391;396;407;412;417;422;427;432}, 0)>0), 0) * (INDEX('Polla - Grupos'!$D$11:$BR$432, 0, MATCH(G29, 'Polla - Grupos'!$D$8:$BR$8, 0))=1))} -> 0 | M29: =H29 + (I29 * 0.001) + (J29 * 0.000001) + (K29 * 0.000000001) + (L29 * 0.000000000001) -> 0 | O29: =COUNTIF($M$6:$M$70, ">"&M29) + COUNTIF($M$6:M29, M29) -> 24 | P29: =INDEX($G$6:$G$70, MATCH(ROW(A24), $O$6:$O$70, 0)) -> Liliana Montealegre
C30: ='Polla - Grupos'!AB8 -> Javier Andres Gomez | D30: ='Polla - Grupos'!AB435 -> 0 | E30: =COUNTIF($D$6:$D$64, ">"&D30) + COUNTIF($D$6:D30, D30) -> 25 | G30: =INDEX($C$6:$C$64, MATCH(ROW(A25), $E$6:$E$64, 0)) -> Javier Andres Gomez | H30: =INDEX($D$6:$D$64, MATCH(ROW(A25), $E$6:$E$64, 0)) -> 0 | I30: {=SUMPRODUCT(IFERROR(N(MATCH(ROW('Polla - Grupos'!$D$11:$D$432), {11;16;21;26;31;36;47;52;57;62;67;72;83;88;93;98;103;108;119;124;129;134;139;144;155;160;165;170;175;180;191;196;201;206;211;216;227;232;237;242;247;252;263;268;273;278;283;288;299;304;309;314;319;324;335;340;345;350;355;360;371;376;381;386;391;396;407;412;417;422;427;432}, 0)>0), 0) * (INDEX('Polla - Grupos'!$D$11:$BR$432, 0, MATCH(G30, 'Polla - Grupos'!$D$8:$BR$8, 0))=5))} -> 0 | J30: {=SUMPRODUCT(IFERROR(N(MATCH(ROW('Polla - Grupos'!$D$11:$D$432), {11;16;21;26;31;36;47;52;57;62;67;72;83;88;93;98;103;108;119;124;129;134;139;144;155;160;165;170;175;180;191;196;201;206;211;216;227;232;237;242;247;252;263;268;273;278;283;288;299;304;309;314;319;324;335;340;345;350;355;360;371;376;381;386;391;396;407;412;417;422;427;432}, 0)>0), 0) * (INDEX('Polla - Grupos'!$D$11:$BR$432, 0, MATCH(G30, 'Polla - Grupos'!$D$8:$BR$8, 0))=3))} -> 0 | K30: {=SUMPRODUCT(IFERROR(N(MATCH(ROW('Polla - Grupos'!$D$11:$D$432), {11;16;21;26;31;36;47;52;57;62;67;72;83;88;93;98;103;108;119;124;129;134;139;144;155;160;165;170;175;180;191;196;201;206;211;216;227;232;237;242;247;252;263;268;273;278;283;288;299;304;309;314;319;324;335;340;345;350;355;360;371;376;381;386;391;396;407;412;417;422;427;432}, 0)>0), 0) * (INDEX('Polla - Grupos'!$D$11:$BR$432, 0, MATCH(G30, 'Polla - Grupos'!$D$8:$BR$8, 0))=2))} -> 0 | L30: {=SUMPRODUCT(IFERROR(N(MATCH(ROW('Polla - Grupos'!$D$11:$D$432), {11;16;21;26;31;36;47;52;57;62;67;72;83;88;93;98;103;108;119;124;129;134;139;144;155;160;165;170;175;180;191;196;201;206;211;216;227;232;237;242;247;252;263;268;273;278;283;288;299;304;309;314;319;324;335;340;345;350;355;360;371;376;381;386;391;396;407;412;417;422;427;432}, 0)>0), 0) * (INDEX('Polla - Grupos'!$D$11:$BR$432, 0, MATCH(G30, 'Polla - Grupos'!$D$8:$BR$8, 0))=1))} -> 0 | M30: =H30 + (I30 * 0.001) + (J30 * 0.000001) + (K30 * 0.000000001) + (L30 * 0.000000000001) -> 0 | O30: =COUNTIF($M$6:$M$70, ">"&M30) + COUNTIF($M$6:M30, M30) -> 25 | P30: =INDEX($G$6:$G$70, MATCH(ROW(A25), $O$6:$O$70, 0)) -> Javier Andres Gomez
C31: ='Polla - Grupos'!AC8 -> Diana Carolina Marin | D31: ='Polla - Grupos'!AC435 -> 0 | E31: =COUNTIF($D$6:$D$64, ">"&D31) + COUNTIF($D$6:D31, D31) -> 26 | G31: =INDEX($C$6:$C$64, MATCH(ROW(A26), $E$6:$E$64, 0)) -> Diana Carolina Marin | H31: =INDEX($D$6:$D$64, MATCH(ROW(A26), $E$6:$E$64, 0)) -> 0 | I31: {=SUMPRODUCT(IFERROR(N(MATCH(ROW('Polla - Grupos'!$D$11:$D$432), {11;16;21;26;31;36;47;52;57;62;67;72;83;88;93;98;103;108;119;124;129;134;139;144;155;160;165;170;175;180;191;196;201;206;211;216;227;232;237;242;247;252;263;268;273;278;283;288;299;304;309;314;319;324;335;340;345;350;355;360;371;376;381;386;391;396;407;412;417;422;427;432}, 0)>0), 0) * (INDEX('Polla - Grupos'!$D$11:$BR$432, 0, MATCH(G31, 'Polla - Grupos'!$D$8:$BR$8, 0))=5))} -> 0 | J31: {=SUMPRODUCT(IFERROR(N(MATCH(ROW('Polla - Grupos'!$D$11:$D$432), {11;16;21;26;31;36;47;52;57;62;67;72;83;88;93;98;103;108;119;124;129;134;139;144;155;160;165;170;175;180;191;196;201;206;211;216;227;232;237;242;247;252;263;268;273;278;283;288;299;304;309;314;319;324;335;340;345;350;355;360;371;376;381;386;391;396;407;412;417;422;427;432}, 0)>0), 0) * (INDEX('Polla - Grupos'!$D$11:$BR$432, 0, MATCH(G31, 'Polla - Grupos'!$D$8:$BR$8, 0))=3))} -> 0 | K31: {=SUMPRODUCT(IFERROR(N(MATCH(ROW('Polla - Grupos'!$D$11:$D$432), {11;16;21;26;31;36;47;52;57;62;67;72;83;88;93;98;103;108;119;124;129;134;139;144;155;160;165;170;175;180;191;196;201;206;211;216;227;232;237;242;247;252;263;268;273;278;283;288;299;304;309;314;319;324;335;340;345;350;355;360;371;376;381;386;391;396;407;412;417;422;427;432}, 0)>0), 0) * (INDEX('Polla - Grupos'!$D$11:$BR$432, 0, MATCH(G31, 'Polla - Grupos'!$D$8:$BR$8, 0))=2))} -> 0 | L31: {=SUMPRODUCT(IFERROR(N(MATCH(ROW('Polla - Grupos'!$D$11:$D$432), {11;16;21;26;31;36;47;52;57;62;67;72;83;88;93;98;103;108;119;124;129;134;139;144;155;160;165;170;175;180;191;196;201;206;211;216;227;232;237;242;247;252;263;268;273;278;283;288;299;304;309;314;319;324;335;340;345;350;355;360;371;376;381;386;391;396;407;412;417;422;427;432}, 0)>0), 0) * (INDEX('Polla - Grupos'!$D$11:$BR$432, 0, MATCH(G31, 'Polla - Grupos'!$D$8:$BR$8, 0))=1))} -> 0 | M31: =H31 + (I31 * 0.001) + (J31 * 0.000001) + (K31 * 0.000000001) + (L31 * 0.000000000001) -> 0 | O31: =COUNTIF($M$6:$M$70, ">"&M31) + COUNTIF($M$6:M31, M31) -> 26 | P31: =INDEX($G$6:$G$70, MATCH(ROW(A26), $O$6:$O$70, 0)) -> Diana Carolina Marin
C32: ='Polla - Grupos'!AD8 -> Diego Fernando Saavedra | D32: ='Polla - Grupos'!AD435 -> 0 | E32: =COUNTIF($D$6:$D$64, ">"&D32) + COUNTIF($D$6:D32, D32) -> 27 | G32: =INDEX($C$6:$C$64, MATCH(ROW(A27), $E$6:$E$64, 0)) -> Diego Fernando Saavedra | H32: =INDEX($D$6:$D$64, MATCH(ROW(A27), $E$6:$E$64, 0)) -> 0 | I32: {=SUMPRODUCT(IFERROR(N(MATCH(ROW('Polla - Grupos'!$D$11:$D$432), {11;16;21;26;31;36;47;52;57;62;67;72;83;88;93;98;103;108;119;124;129;134;139;144;155;160;165;170;175;180;191;196;201;206;211;216;227;232;237;242;247;252;263;268;273;278;283;288;299;304;309;314;319;324;335;340;345;350;355;360;371;376;381;386;391;396;407;412;417;422;427;432}, 0)>0), 0) * (INDEX('Polla - Grupos'!$D$11:$BR$432, 0, MATCH(G32, 'Polla - Grupos'!$D$8:$BR$8, 0))=5))} -> 0 | J32: {=SUMPRODUCT(IFERROR(N(MATCH(ROW('Polla - Grupos'!$D$11:$D$432), {11;16;21;26;31;36;47;52;57;62;67;72;83;88;93;98;103;108;119;124;129;134;139;144;155;160;165;170;175;180;191;196;201;206;211;216;227;232;237;242;247;252;263;268;273;278;283;288;299;304;309;314;319;324;335;340;345;350;355;360;371;376;381;386;391;396;407;412;417;422;427;432}, 0)>0), 0) * (INDEX('Polla - Grupos'!$D$11:$BR$432, 0, MATCH(G32, 'Polla - Grupos'!$D$8:$BR$8, 0))=3))} -> 0 | K32: {=SUMPRODUCT(IFERROR(N(MATCH(ROW('Polla - Grupos'!$D$11:$D$432), {11;16;21;26;31;36;47;52;57;62;67;72;83;88;93;98;103;108;119;124;129;134;139;144;155;160;165;170;175;180;191;196;201;206;211;216;227;232;237;242;247;252;263;268;273;278;283;288;299;304;309;314;319;324;335;340;345;350;355;360;371;376;381;386;391;396;407;412;417;422;427;432}, 0)>0), 0) * (INDEX('Polla - Grupos'!$D$11:$BR$432, 0, MATCH(G32, 'Polla - Grupos'!$D$8:$BR$8, 0))=2))} -> 0 | L32: {=SUMPRODUCT(IFERROR(N(MATCH(ROW('Polla - Grupos'!$D$11:$D$432), {11;16;21;26;31;36;47;52;57;62;67;72;83;88;93;98;103;108;119;124;129;134;139;144;155;160;165;170;175;180;191;196;201;206;211;216;227;232;237;242;247;252;263;268;273;278;283;288;299;304;309;314;319;324;335;340;345;350;355;360;371;376;381;386;391;396;407;412;417;422;427;432}, 0)>0), 0) * (INDEX('Polla - Grupos'!$D$11:$BR$432, 0, MATCH(G32, 'Polla - Grupos'!$D$8:$BR$8, 0))=1))} -> 0 | M32: =H32 + (I32 * 0.001) + (J32 * 0.000001) + (K32 * 0.000000001) + (L32 * 0.000000000001) -> 0 | O32: =COUNTIF($M$6:$M$70, ">"&M32) + COUNTIF($M$6:M32, M32) -> 27 | P32: =INDEX($G$6:$G$70, MATCH(ROW(A27), $O$6:$O$70, 0)) -> Diego Fernando Saavedra
C33: ='Polla - Grupos'!AE8 -> Oscar Mayor | D33: ='Polla - Grupos'!AE435 -> 0 | E33: =COUNTIF($D$6:$D$64, ">"&D33) + COUNTIF($D$6:D33, D33) -> 28 | G33: =INDEX($C$6:$C$64, MATCH(ROW(A28), $E$6:$E$64, 0)) -> Oscar Mayor | H33: =INDEX($D$6:$D$64, MATCH(ROW(A28), $E$6:$E$64, 0)) -> 0 | I33: {=SUMPRODUCT(IFERROR(N(MATCH(ROW('Polla - Grupos'!$D$11:$D$432), {11;16;21;26;31;36;47;52;57;62;67;72;83;88;93;98;103;108;119;124;129;134;139;144;155;160;165;170;175;180;191;196;201;206;211;216;227;232;237;242;247;252;263;268;273;278;283;288;299;304;309;314;319;324;335;340;345;350;355;360;371;376;381;386;391;396;407;412;417;422;427;432}, 0)>0), 0) * (INDEX('Polla - Grupos'!$D$11:$BR$432, 0, MATCH(G33, 'Polla - Grupos'!$D$8:$BR$8, 0))=5))} -> 0 | J33: {=SUMPRODUCT(IFERROR(N(MATCH(ROW('Polla - Grupos'!$D$11:$D$432), {11;16;21;26;31;36;47;52;57;62;67;72;83;88;93;98;103;108;119;124;129;134;139;144;155;160;165;170;175;180;191;196;201;206;211;216;227;232;237;242;247;252;263;268;273;278;283;288;299;304;309;314;319;324;335;340;345;350;355;360;371;376;381;386;391;396;407;412;417;422;427;432}, 0)>0), 0) * (INDEX('Polla - Grupos'!$D$11:$BR$432, 0, MATCH(G33, 'Polla - Grupos'!$D$8:$BR$8, 0))=3))} -> 0 | K33: {=SUMPRODUCT(IFERROR(N(MATCH(ROW('Polla - Grupos'!$D$11:$D$432), {11;16;21;26;31;36;47;52;57;62;67;72;83;88;93;98;103;108;119;124;129;134;139;144;155;160;165;170;175;180;191;196;201;206;211;216;227;232;237;242;247;252;263;268;273;278;283;288;299;304;309;314;319;324;335;340;345;350;355;360;371;376;381;386;391;396;407;412;417;422;427;432}, 0)>0), 0) * (INDEX('Polla - Grupos'!$D$11:$BR$432, 0, MATCH(G33, 'Polla - Grupos'!$D$8:$BR$8, 0))=2))} -> 0 | L33: {=SUMPRODUCT(IFERROR(N(MATCH(ROW('Polla - Grupos'!$D$11:$D$432), {11;16;21;26;31;36;47;52;57;62;67;72;83;88;93;98;103;108;119;124;129;134;139;144;155;160;165;170;175;180;191;196;201;206;211;216;227;232;237;242;247;252;263;268;273;278;283;288;299;304;309;314;319;324;335;340;345;350;355;360;371;376;381;386;391;396;407;412;417;422;427;432}, 0)>0), 0) * (INDEX('Polla - Grupos'!$D$11:$BR$432, 0, MATCH(G33, 'Polla - Grupos'!$D$8:$BR$8, 0))=1))} -> 0 | M33: =H33 + (I33 * 0.001) + (J33 * 0.000001) + (K33 * 0.000000001) + (L33 * 0.000000000001) -> 0 | O33: =COUNTIF($M$6:$M$70, ">"&M33) + COUNTIF($M$6:M33, M33) -> 28 | P33: =INDEX($G$6:$G$70, MATCH(ROW(A28), $O$6:$O$70, 0)) -> Oscar Mayor
C34: ='Polla - Grupos'!AF8 -> Ingrid Toro | D34: ='Polla - Grupos'!AF435 -> 0 | E34: =COUNTIF($D$6:$D$64, ">"&D34) + COUNTIF($D$6:D34, D34) -> 29 | G34: =INDEX($C$6:$C$64, MATCH(ROW(A29), $E$6:$E$64, 0)) -> Ingrid Toro | H34: =INDEX($D$6:$D$64, MATCH(ROW(A29), $E$6:$E$64, 0)) -> 0 | I34: {=SUMPRODUCT(IFERROR(N(MATCH(ROW('Polla - Grupos'!$D$11:$D$432), {11;16;21;26;31;36;47;52;57;62;67;72;83;88;93;98;103;108;119;124;129;134;139;144;155;160;165;170;175;180;191;196;201;206;211;216;227;232;237;242;247;252;263;268;273;278;283;288;299;304;309;314;319;324;335;340;345;350;355;360;371;376;381;386;391;396;407;412;417;422;427;432}, 0)>0), 0) * (INDEX('Polla - Grupos'!$D$11:$BR$432, 0, MATCH(G34, 'Polla - Grupos'!$D$8:$BR$8, 0))=5))} -> 0 | J34: {=SUMPRODUCT(IFERROR(N(MATCH(ROW('Polla - Grupos'!$D$11:$D$432), {11;16;21;26;31;36;47;52;57;62;67;72;83;88;93;98;103;108;119;124;129;134;139;144;155;160;165;170;175;180;191;196;201;206;211;216;227;232;237;242;247;252;263;268;273;278;283;288;299;304;309;314;319;324;335;340;345;350;355;360;371;376;381;386;391;396;407;412;417;422;427;432}, 0)>0), 0) * (INDEX('Polla - Grupos'!$D$11:$BR$432, 0, MATCH(G34, 'Polla - Grupos'!$D$8:$BR$8, 0))=3))} -> 0 | K34: {=SUMPRODUCT(IFERROR(N(MATCH(ROW('Polla - Grupos'!$D$11:$D$432), {11;16;21;26;31;36;47;52;57;62;67;72;83;88;93;98;103;108;119;124;129;134;139;144;155;160;165;170;175;180;191;196;201;206;211;216;227;232;237;242;247;252;263;268;273;278;283;288;299;304;309;314;319;324;335;340;345;350;355;360;371;376;381;386;391;396;407;412;417;422;427;432}, 0)>0), 0) * (INDEX('Polla - Grupos'!$D$11:$BR$432, 0, MATCH(G34, 'Polla - Grupos'!$D$8:$BR$8, 0))=2))} -> 0 | L34: {=SUMPRODUCT(IFERROR(N(MATCH(ROW('Polla - Grupos'!$D$11:$D$432), {11;16;21;26;31;36;47;52;57;62;67;72;83;88;93;98;103;108;119;124;129;134;139;144;155;160;165;170;175;180;191;196;201;206;211;216;227;232;237;242;247;252;263;268;273;278;283;288;299;304;309;314;319;324;335;340;345;350;355;360;371;376;381;386;391;396;407;412;417;422;427;432}, 0)>0), 0) * (INDEX('Polla - Grupos'!$D$11:$BR$432, 0, MATCH(G34, 'Polla - Grupos'!$D$8:$BR$8, 0))=1))} -> 0 | M34: =H34 + (I34 * 0.001) + (J34 * 0.000001) + (K34 * 0.000000001) + (L34 * 0.000000000001) -> 0 | O34: =COUNTIF($M$6:$M$70, ">"&M34) + COUNTIF($M$6:M34, M34) -> 29 | P34: =INDEX($G$6:$G$70, MATCH(ROW(A29), $O$6:$O$70, 0)) -> Ingrid Toro
C35: ='Polla - Grupos'!AG8 -> Ana Marcela Castro | D35: ='Polla - Grupos'!AG435 -> 0 | E35: =COUNTIF($D$6:$D$64, ">"&D35) + COUNTIF($D$6:D35, D35) -> 30 | G35: =INDEX($C$6:$C$64, MATCH(ROW(A30), $E$6:$E$64, 0)) -> Ana Marcela Castro | H35: =INDEX($D$6:$D$64, MATCH(ROW(A30), $E$6:$E$64, 0)) -> 0 | I35: {=SUMPRODUCT(IFERROR(N(MATCH(ROW('Polla - Grupos'!$D$11:$D$432), {11;16;21;26;31;36;47;52;57;62;67;72;83;88;93;98;103;108;119;124;129;134;139;144;155;160;165;170;175;180;191;196;201;206;211;216;227;232;237;242;247;252;263;268;273;278;283;288;299;304;309;314;319;324;335;340;345;350;355;360;371;376;381;386;391;396;407;412;417;422;427;432}, 0)>0), 0) * (INDEX('Polla - Grupos'!$D$11:$BR$432, 0, MATCH(G35, 'Polla - Grupos'!$D$8:$BR$8, 0))=5))} -> 0 | J35: {=SUMPRODUCT(IFERROR(N(MATCH(ROW('Polla - Grupos'!$D$11:$D$432), {11;16;21;26;31;36;47;52;57;62;67;72;83;88;93;98;103;108;119;124;129;134;139;144;155;160;165;170;175;180;191;196;201;206;211;216;227;232;237;242;247;252;263;268;273;278;283;288;299;304;309;314;319;324;335;340;345;350;355;360;371;376;381;386;391;396;407;412;417;422;427;432}, 0)>0), 0) * (INDEX('Polla - Grupos'!$D$11:$BR$432, 0, MATCH(G35, 'Polla - Grupos'!$D$8:$BR$8, 0))=3))} -> 0 | K35: {=SUMPRODUCT(IFERROR(N(MATCH(ROW('Polla - Grupos'!$D$11:$D$432), {11;16;21;26;31;36;47;52;57;62;67;72;83;88;93;98;103;108;119;124;129;134;139;144;155;160;165;170;175;180;191;196;201;206;211;216;227;232;237;242;247;252;263;268;273;278;283;288;299;304;309;314;319;324;335;340;345;350;355;360;371;376;381;386;391;396;407;412;417;422;427;432}, 0)>0), 0) * (INDEX('Polla - Grupos'!$D$11:$BR$432, 0, MATCH(G35, 'Polla - Grupos'!$D$8:$BR$8, 0))=2))} -> 0 | L35: {=SUMPRODUCT(IFERROR(N(MATCH(ROW('Polla - Grupos'!$D$11:$D$432), {11;16;21;26;31;36;47;52;57;62;67;72;83;88;93;98;103;108;119;124;129;134;139;144;155;160;165;170;175;180;191;196;201;206;211;216;227;232;237;242;247;252;263;268;273;278;283;288;299;304;309;314;319;324;335;340;345;350;355;360;371;376;381;386;391;396;407;412;417;422;427;432}, 0)>0), 0) * (INDEX('Polla - Grupos'!$D$11:$BR$432, 0, MATCH(G35, 'Polla - Grupos'!$D$8:$BR$8, 0))=1))} -> 0 | M35: =H35 + (I35 * 0.001) + (J35 * 0.000001) + (K35 * 0.000000001) + (L35 * 0.000000000001) -> 0 | O35: =COUNTIF($M$6:$M$70, ">"&M35) + COUNTIF($M$6:M35, M35) -> 30 | P35: =INDEX($G$6:$G$70, MATCH(ROW(A30), $O$6:$O$70, 0)) -> Ana Marcela Castro
C36: ='Polla - Grupos'!AH8 -> Ricardo Gutierrez | D36: ='Polla - Grupos'!AH435 -> 0 | E36: =COUNTIF($D$6:$D$64, ">"&D36) + COUNTIF($D$6:D36, D36) -> 31 | G36: =INDEX($C$6:$C$64, MATCH(ROW(A31), $E$6:$E$64, 0)) -> Ricardo Gutierrez | H36: =INDEX($D$6:$D$64, MATCH(ROW(A31), $E$6:$E$64, 0)) -> 0 | I36: {=SUMPRODUCT(IFERROR(N(MATCH(ROW('Polla - Grupos'!$D$11:$D$432), {11;16;21;26;31;36;47;52;57;62;67;72;83;88;93;98;103;108;119;124;129;134;139;144;155;160;165;170;175;180;191;196;201;206;211;216;227;232;237;242;247;252;263;268;273;278;283;288;299;304;309;314;319;324;335;340;345;350;355;360;371;376;381;386;391;396;407;412;417;422;427;432}, 0)>0), 0) * (INDEX('Polla - Grupos'!$D$11:$BR$432, 0, MATCH(G36, 'Polla - Grupos'!$D$8:$BR$8, 0))=5))} -> 0 | J36: {=SUMPRODUCT(IFERROR(N(MATCH(ROW('Polla - Grupos'!$D$11:$D$432), {11;16;21;26;31;36;47;52;57;62;67;72;83;88;93;98;103;108;119;124;129;134;139;144;155;160;165;170;175;180;191;196;201;206;211;216;227;232;237;242;247;252;263;268;273;278;283;288;299;304;309;314;319;324;335;340;345;350;355;360;371;376;381;386;391;396;407;412;417;422;427;432}, 0)>0), 0) * (INDEX('Polla - Grupos'!$D$11:$BR$432, 0, MATCH(G36, 'Polla - Grupos'!$D$8:$BR$8, 0))=3))} -> 0 | K36: {=SUMPRODUCT(IFERROR(N(MATCH(ROW('Polla - Grupos'!$D$11:$D$432), {11;16;21;26;31;36;47;52;57;62;67;72;83;88;93;98;103;108;119;124;129;134;139;144;155;160;165;170;175;180;191;196;201;206;211;216;227;232;237;242;247;252;263;268;273;278;283;288;299;304;309;314;319;324;335;340;345;350;355;360;371;376;381;386;391;396;407;412;417;422;427;432}, 0)>0), 0) * (INDEX('Polla - Grupos'!$D$11:$BR$432, 0, MATCH(G36, 'Polla - Grupos'!$D$8:$BR$8, 0))=2))} -> 0 | L36: {=SUMPRODUCT(IFERROR(N(MATCH(ROW('Polla - Grupos'!$D$11:$D$432), {11;16;21;26;31;36;47;52;57;62;67;72;83;88;93;98;103;108;119;124;129;134;139;144;155;160;165;170;175;180;191;196;201;206;211;216;227;232;237;242;247;252;263;268;273;278;283;288;299;304;309;314;319;324;335;340;345;350;355;360;371;376;381;386;391;396;407;412;417;422;427;432}, 0)>0), 0) * (INDEX('Polla - Grupos'!$D$11:$BR$432, 0, MATCH(G36, 'Polla - Grupos'!$D$8:$BR$8, 0))=1))} -> 0 | M36: =H36 + (I36 * 0.001) + (J36 * 0.000001) + (K36 * 0.000000001) + (L36 * 0.000000000001) -> 0 | O36: =COUNTIF($M$6:$M$70, ">"&M36) + COUNTIF($M$6:M36, M36) -> 31 | P36: =INDEX($G$6:$G$70, MATCH(ROW(A31), $O$6:$O$70, 0)) -> Ricardo Gutierrez
C37: ='Polla - Grupos'!AI8 -> Natalia Navarro | D37: ='Polla - Grupos'!AI435 -> 0 | E37: =COUNTIF($D$6:$D$64, ">"&D37) + COUNTIF($D$6:D37, D37) -> 32 | G37: =INDEX($C$6:$C$64, MATCH(ROW(A32), $E$6:$E$64, 0)) -> Natalia Navarro | H37: =INDEX($D$6:$D$64, MATCH(ROW(A32), $E$6:$E$64, 0)) -> 0 | I37: {=SUMPRODUCT(IFERROR(N(MATCH(ROW('Polla - Grupos'!$D$11:$D$432), {11;16;21;26;31;36;47;52;57;62;67;72;83;88;93;98;103;108;119;124;129;134;139;144;155;160;165;170;175;180;191;196;201;206;211;216;227;232;237;242;247;252;263;268;273;278;283;288;299;304;309;314;319;324;335;340;345;350;355;360;371;376;381;386;391;396;407;412;417;422;427;432}, 0)>0), 0) * (INDEX('Polla - Grupos'!$D$11:$BR$432, 0, MATCH(G37, 'Polla - Grupos'!$D$8:$BR$8, 0))=5))} -> 0 | J37: {=SUMPRODUCT(IFERROR(N(MATCH(ROW('Polla - Grupos'!$D$11:$D$432), {11;16;21;26;31;36;47;52;57;62;67;72;83;88;93;98;103;108;119;124;129;134;139;144;155;160;165;170;175;180;191;196;201;206;211;216;227;232;237;242;247;252;263;268;273;278;283;288;299;304;309;314;319;324;335;340;345;350;355;360;371;376;381;386;391;396;407;412;417;422;427;432}, 0)>0), 0) * (INDEX('Polla - Grupos'!$D$11:$BR$432, 0, MATCH(G37, 'Polla - Grupos'!$D$8:$BR$8, 0))=3))} -> 0 | K37: {=SUMPRODUCT(IFERROR(N(MATCH(ROW('Polla - Grupos'!$D$11:$D$432), {11;16;21;26;31;36;47;52;57;62;67;72;83;88;93;98;103;108;119;124;129;134;139;144;155;160;165;170;175;180;191;196;201;206;211;216;227;232;237;242;247;252;263;268;273;278;283;288;299;304;309;314;319;324;335;340;345;350;355;360;371;376;381;386;391;396;407;412;417;422;427;432}, 0)>0), 0) * (INDEX('Polla - Grupos'!$D$11:$BR$432, 0, MATCH(G37, 'Polla - Grupos'!$D$8:$BR$8, 0))=2))} -> 0 | L37: {=SUMPRODUCT(IFERROR(N(MATCH(ROW('Polla - Grupos'!$D$11:$D$432), {11;16;21;26;31;36;47;52;57;62;67;72;83;88;93;98;103;108;119;124;129;134;139;144;155;160;165;170;175;180;191;196;201;206;211;216;227;232;237;242;247;252;263;268;273;278;283;288;299;304;309;314;319;324;335;340;345;350;355;360;371;376;381;386;391;396;407;412;417;422;427;432}, 0)>0), 0) * (INDEX('Polla - Grupos'!$D$11:$BR$432, 0, MATCH(G37, 'Polla - Grupos'!$D$8:$BR$8, 0))=1))} -> 0 | M37: =H37 + (I37 * 0.001) + (J37 * 0.000001) + (K37 * 0.000000001) + (L37 * 0.000000000001) -> 0 | O37: =COUNTIF($M$6:$M$70, ">"&M37) + COUNTIF($M$6:M37, M37) -> 32 | P37: =INDEX($G$6:$G$70, MATCH(ROW(A32), $O$6:$O$70, 0)) -> Natalia Navarro
C38: ='Polla - Grupos'!AJ8 -> Diana Perez | D38: ='Polla - Grupos'!AJ435 -> 0 | E38: =COUNTIF($D$6:$D$64, ">"&D38) + COUNTIF($D$6:D38, D38) -> 33 | G38: =INDEX($C$6:$C$64, MATCH(ROW(A33), $E$6:$E$64, 0)) -> Diana Perez | H38: =INDEX($D$6:$D$64, MATCH(ROW(A33), $E$6:$E$64, 0)) -> 0 | I38: {=SUMPRODUCT(IFERROR(N(MATCH(ROW('Polla - Grupos'!$D$11:$D$432), {11;16;21;26;31;36;47;52;57;62;67;72;83;88;93;98;103;108;119;124;129;134;139;144;155;160;165;170;175;180;191;196;201;206;211;216;227;232;237;242;247;252;263;268;273;278;283;288;299;304;309;314;319;324;335;340;345;350;355;360;371;376;381;386;391;396;407;412;417;422;427;432}, 0)>0), 0) * (INDEX('Polla - Grupos'!$D$11:$BR$432, 0, MATCH(G38, 'Polla - Grupos'!$D$8:$BR$8, 0))=5))} -> 0 | J38: {=SUMPRODUCT(IFERROR(N(MATCH(ROW('Polla - Grupos'!$D$11:$D$432), {11;16;21;26;31;36;47;52;57;62;67;72;83;88;93;98;103;108;119;124;129;134;139;144;155;160;165;170;175;180;191;196;201;206;211;216;227;232;237;242;247;252;263;268;273;278;283;288;299;304;309;314;319;324;335;340;345;350;355;360;371;376;381;386;391;396;407;412;417;422;427;432}, 0)>0), 0) * (INDEX('Polla - Grupos'!$D$11:$BR$432, 0, MATCH(G38, 'Polla - Grupos'!$D$8:$BR$8, 0))=3))} -> 0 | K38: {=SUMPRODUCT(IFERROR(N(MATCH(ROW('Polla - Grupos'!$D$11:$D$432), {11;16;21;26;31;36;47;52;57;62;67;72;83;88;93;98;103;108;119;124;129;134;139;144;155;160;165;170;175;180;191;196;201;206;211;216;227;232;237;242;247;252;263;268;273;278;283;288;299;304;309;314;319;324;335;340;345;350;355;360;371;376;381;386;391;396;407;412;417;422;427;432}, 0)>0), 0) * (INDEX('Polla - Grupos'!$D$11:$BR$432, 0, MATCH(G38, 'Polla - Grupos'!$D$8:$BR$8, 0))=2))} -> 0 | L38: {=SUMPRODUCT(IFERROR(N(MATCH(ROW('Polla - Grupos'!$D$11:$D$432), {11;16;21;26;31;36;47;52;57;62;67;72;83;88;93;98;103;108;119;124;129;134;139;144;155;160;165;170;175;180;191;196;201;206;211;216;227;232;237;242;247;252;263;268;273;278;283;288;299;304;309;314;319;324;335;340;345;350;355;360;371;376;381;386;391;396;407;412;417;422;427;432}, 0)>0), 0) * (INDEX('Polla - Grupos'!$D$11:$BR$432, 0, MATCH(G38, 'Polla - Grupos'!$D$8:$BR$8, 0))=1))} -> 0 | M38: =H38 + (I38 * 0.001) + (J38 * 0.000001) + (K38 * 0.000000001) + (L38 * 0.000000000001) -> 0 | O38: =COUNTIF($M$6:$M$70, ">"&M38) + COUNTIF($M$6:M38, M38) -> 33 | P38: =INDEX($G$6:$G$70, MATCH(ROW(A33), $O$6:$O$70, 0)) -> Diana Perez
C39: ='Polla - Grupos'!AK8 -> Sergio Diaz | D39: ='Polla - Grupos'!AK435 -> 0 | E39: =COUNTIF($D$6:$D$64, ">"&D39) + COUNTIF($D$6:D39, D39) -> 34 | G39: =INDEX($C$6:$C$64, MATCH(ROW(A34), $E$6:$E$64, 0)) -> Sergio Diaz | H39: =INDEX($D$6:$D$64, MATCH(ROW(A34), $E$6:$E$64, 0)) -> 0 | I39: {=SUMPRODUCT(IFERROR(N(MATCH(ROW('Polla - Grupos'!$D$11:$D$432), {11;16;21;26;31;36;47;52;57;62;67;72;83;88;93;98;103;108;119;124;129;134;139;144;155;160;165;170;175;180;191;196;201;206;211;216;227;232;237;242;247;252;263;268;273;278;283;288;299;304;309;314;319;324;335;340;345;350;355;360;371;376;381;386;391;396;407;412;417;422;427;432}, 0)>0), 0) * (INDEX('Polla - Grupos'!$D$11:$BR$432, 0, MATCH(G39, 'Polla - Grupos'!$D$8:$BR$8, 0))=5))} -> 0 | J39: {=SUMPRODUCT(IFERROR(N(MATCH(ROW('Polla - Grupos'!$D$11:$D$432), {11;16;21;26;31;36;47;52;57;62;67;72;83;88;93;98;103;108;119;124;129;134;139;144;155;160;165;170;175;180;191;196;201;206;211;216;227;232;237;242;247;252;263;268;273;278;283;288;299;304;309;314;319;324;335;340;345;350;355;360;371;376;381;386;391;396;407;412;417;422;427;432}, 0)>0), 0) * (INDEX('Polla - Grupos'!$D$11:$BR$432, 0, MATCH(G39, 'Polla - Grupos'!$D$8:$BR$8, 0))=3))} -> 0 | K39: {=SUMPRODUCT(IFERROR(N(MATCH(ROW('Polla - Grupos'!$D$11:$D$432), {11;16;21;26;31;36;47;52;57;62;67;72;83;88;93;98;103;108;119;124;129;134;139;144;155;160;165;170;175;180;191;196;201;206;211;216;227;232;237;242;247;252;263;268;273;278;283;288;299;304;309;314;319;324;335;340;345;350;355;360;371;376;381;386;391;396;407;412;417;422;427;432}, 0)>0), 0) * (INDEX('Polla - Grupos'!$D$11:$BR$432, 0, MATCH(G39, 'Polla - Grupos'!$D$8:$BR$8, 0))=2))} -> 0 | L39: {=SUMPRODUCT(IFERROR(N(MATCH(ROW('Polla - Grupos'!$D$11:$D$432), {11;16;21;26;31;36;47;52;57;62;67;72;83;88;93;98;103;108;119;124;129;134;139;144;155;160;165;170;175;180;191;196;201;206;211;216;227;232;237;242;247;252;263;268;273;278;283;288;299;304;309;314;319;324;335;340;345;350;355;360;371;376;381;386;391;396;407;412;417;422;427;432}, 0)>0), 0) * (INDEX('Polla - Grupos'!$D$11:$BR$432, 0, MATCH(G39, 'Polla - Grupos'!$D$8:$BR$8, 0))=1))} -> 0 | M39: =H39 + (I39 * 0.001) + (J39 * 0.000001) + (K39 * 0.000000001) + (L39 * 0.000000000001) -> 0 | O39: =COUNTIF($M$6:$M$70, ">"&M39) + COUNTIF($M$6:M39, M39) -> 34 | P39: =INDEX($G$6:$G$70, MATCH(ROW(A34), $O$6:$O$70, 0)) -> Sergio Diaz
C40: ='Polla - Grupos'!AL8 -> William Oviedo | D40: ='Polla - Grupos'!AL435 -> 0 | E40: =COUNTIF($D$6:$D$64, ">"&D40) + COUNTIF($D$6:D40, D40) -> 35 | G40: =INDEX($C$6:$C$64, MATCH(ROW(A35), $E$6:$E$64, 0)) -> William Oviedo | H40: =INDEX($D$6:$D$64, MATCH(ROW(A35), $E$6:$E$64, 0)) -> 0 | I40: {=SUMPRODUCT(IFERROR(N(MATCH(ROW('Polla - Grupos'!$D$11:$D$432), {11;16;21;26;31;36;47;52;57;62;67;72;83;88;93;98;103;108;119;124;129;134;139;144;155;160;165;170;175;180;191;196;201;206;211;216;227;232;237;242;247;252;263;268;273;278;283;288;299;304;309;314;319;324;335;340;345;350;355;360;371;376;381;386;391;396;407;412;417;422;427;432}, 0)>0), 0) * (INDEX('Polla - Grupos'!$D$11:$BR$432, 0, MATCH(G40, 'Polla - Grupos'!$D$8:$BR$8, 0))=5))} -> 0 | J40: {=SUMPRODUCT(IFERROR(N(MATCH(ROW('Polla - Grupos'!$D$11:$D$432), {11;16;21;26;31;36;47;52;57;62;67;72;83;88;93;98;103;108;119;124;129;134;139;144;155;160;165;170;175;180;191;196;201;206;211;216;227;232;237;242;247;252;263;268;273;278;283;288;299;304;309;314;319;324;335;340;345;350;355;360;371;376;381;386;391;396;407;412;417;422;427;432}, 0)>0), 0) * (INDEX('Polla - Grupos'!$D$11:$BR$432, 0, MATCH(G40, 'Polla - Grupos'!$D$8:$BR$8, 0))=3))} -> 0 | K40: {=SUMPRODUCT(IFERROR(N(MATCH(ROW('Polla - Grupos'!$D$11:$D$432), {11;16;21;26;31;36;47;52;57;62;67;72;83;88;93;98;103;108;119;124;129;134;139;144;155;160;165;170;175;180;191;196;201;206;211;216;227;232;237;242;247;252;263;268;273;278;283;288;299;304;309;314;319;324;335;340;345;350;355;360;371;376;381;386;391;396;407;412;417;422;427;432}, 0)>0), 0) * (INDEX('Polla - Grupos'!$D$11:$BR$432, 0, MATCH(G40, 'Polla - Grupos'!$D$8:$BR$8, 0))=2))} -> 0 | L40: {=SUMPRODUCT(IFERROR(N(MATCH(ROW('Polla - Grupos'!$D$11:$D$432), {11;16;21;26;31;36;47;52;57;62;67;72;83;88;93;98;103;108;119;124;129;134;139;144;155;160;165;170;175;180;191;196;201;206;211;216;227;232;237;242;247;252;263;268;273;278;283;288;299;304;309;314;319;324;335;340;345;350;355;360;371;376;381;386;391;396;407;412;417;422;427;432}, 0)>0), 0) * (INDEX('Polla - Grupos'!$D$11:$BR$432, 0, MATCH(G40, 'Polla - Grupos'!$D$8:$BR$8, 0))=1))} -> 0 | M40: =H40 + (I40 * 0.001) + (J40 * 0.000001) + (K40 * 0.000000001) + (L40 * 0.000000000001) -> 0 | O40: =COUNTIF($M$6:$M$70, ">"&M40) + COUNTIF($M$6:M40, M40) -> 35 | P40: =INDEX($G$6:$G$70, MATCH(ROW(A35), $O$6:$O$70, 0)) -> William Oviedo
C41: ='Polla - Grupos'!AM8 -> Armando Orjuela | D41: ='Polla - Grupos'!AM435 -> 0 | E41: =COUNTIF($D$6:$D$64, ">"&D41) + COUNTIF($D$6:D41, D41) -> 36 | G41: =INDEX($C$6:$C$64, MATCH(ROW(A36), $E$6:$E$64, 0)) -> Armando Orjuela | H41: =INDEX($D$6:$D$64, MATCH(ROW(A36), $E$6:$E$64, 0)) -> 0 | I41: {=SUMPRODUCT(IFERROR(N(MATCH(ROW('Polla - Grupos'!$D$11:$D$432), {11;16;21;26;31;36;47;52;57;62;67;72;83;88;93;98;103;108;119;124;129;134;139;144;155;160;165;170;175;180;191;196;201;206;211;216;227;232;237;242;247;252;263;268;273;278;283;288;299;304;309;314;319;324;335;340;345;350;355;360;371;376;381;386;391;396;407;412;417;422;427;432}, 0)>0), 0) * (INDEX('Polla - Grupos'!$D$11:$BR$432, 0, MATCH(G41, 'Polla - Grupos'!$D$8:$BR$8, 0))=5))} -> 0 | J41: {=SUMPRODUCT(IFERROR(N(MATCH(ROW('Polla - Grupos'!$D$11:$D$432), {11;16;21;26;31;36;47;52;57;62;67;72;83;88;93;98;103;108;119;124;129;134;139;144;155;160;165;170;175;180;191;196;201;206;211;216;227;232;237;242;247;252;263;268;273;278;283;288;299;304;309;314;319;324;335;340;345;350;355;360;371;376;381;386;391;396;407;412;417;422;427;432}, 0)>0), 0) * (INDEX('Polla - Grupos'!$D$11:$BR$432, 0, MATCH(G41, 'Polla - Grupos'!$D$8:$BR$8, 0))=3))} -> 0 | K41: {=SUMPRODUCT(IFERROR(N(MATCH(ROW('Polla - Grupos'!$D$11:$D$432), {11;16;21;26;31;36;47;52;57;62;67;72;83;88;93;98;103;108;119;124;129;134;139;144;155;160;165;170;175;180;191;196;201;206;211;216;227;232;237;242;247;252;263;268;273;278;283;288;299;304;309;314;319;324;335;340;345;350;355;360;371;376;381;386;391;396;407;412;417;422;427;432}, 0)>0), 0) * (INDEX('Polla - Grupos'!$D$11:$BR$432, 0, MATCH(G41, 'Polla - Grupos'!$D$8:$BR$8, 0))=2))} -> 0 | L41: {=SUMPRODUCT(IFERROR(N(MATCH(ROW('Polla - Grupos'!$D$11:$D$432), {11;16;21;26;31;36;47;52;57;62;67;72;83;88;93;98;103;108;119;124;129;134;139;144;155;160;165;170;175;180;191;196;201;206;211;216;227;232;237;242;247;252;263;268;273;278;283;288;299;304;309;314;319;324;335;340;345;350;355;360;371;376;381;386;391;396;407;412;417;422;427;432}, 0)>0), 0) * (INDEX('Polla - Grupos'!$D$11:$BR$432, 0, MATCH(G41, 'Polla - Grupos'!$D$8:$BR$8, 0))=1))} -> 0 | M41: =H41 + (I41 * 0.001) + (J41 * 0.000001) + (K41 * 0.000000001) + (L41 * 0.000000000001) -> 0 | O41: =COUNTIF($M$6:$M$70, ">"&M41) + COUNTIF($M$6:M41, M41) -> 36 | P41: =INDEX($G$6:$G$70, MATCH(ROW(A36), $O$6:$O$70, 0)) -> Armando Orjuela
C42: ='Polla - Grupos'!AN8 -> Helen Muñoz | D42: ='Polla - Grupos'!AN435 -> 0 | E42: =COUNTIF($D$6:$D$64, ">"&D42) + COUNTIF($D$6:D42, D42) -> 37 | G42: =INDEX($C$6:$C$64, MATCH(ROW(A37), $E$6:$E$64, 0)) -> Helen Muñoz | H42: =INDEX($D$6:$D$64, MATCH(ROW(A37), $E$6:$E$64, 0)) -> 0 | I42: {=SUMPRODUCT(IFERROR(N(MATCH(ROW('Polla - Grupos'!$D$11:$D$432), {11;16;21;26;31;36;47;52;57;62;67;72;83;88;93;98;103;108;119;124;129;134;139;144;155;160;165;170;175;180;191;196;201;206;211;216;227;232;237;242;247;252;263;268;273;278;283;288;299;304;309;314;319;324;335;340;345;350;355;360;371;376;381;386;391;396;407;412;417;422;427;432}, 0)>0), 0) * (INDEX('Polla - Grupos'!$D$11:$BR$432, 0, MATCH(G42, 'Polla - Grupos'!$D$8:$BR$8, 0))=5))} -> 0 | J42: {=SUMPRODUCT(IFERROR(N(MATCH(ROW('Polla - Grupos'!$D$11:$D$432), {11;16;21;26;31;36;47;52;57;62;67;72;83;88;93;98;103;108;119;124;129;134;139;144;155;160;165;170;175;180;191;196;201;206;211;216;227;232;237;242;247;252;263;268;273;278;283;288;299;304;309;314;319;324;335;340;345;350;355;360;371;376;381;386;391;396;407;412;417;422;427;432}, 0)>0), 0) * (INDEX('Polla - Grupos'!$D$11:$BR$432, 0, MATCH(G42, 'Polla - Grupos'!$D$8:$BR$8, 0))=3))} -> 0 | K42: {=SUMPRODUCT(IFERROR(N(MATCH(ROW('Polla - Grupos'!$D$11:$D$432), {11;16;21;26;31;36;47;52;57;62;67;72;83;88;93;98;103;108;119;124;129;134;139;144;155;160;165;170;175;180;191;196;201;206;211;216;227;232;237;242;247;252;263;268;273;278;283;288;299;304;309;314;319;324;335;340;345;350;355;360;371;376;381;386;391;396;407;412;417;422;427;432}, 0)>0), 0) * (INDEX('Polla - Grupos'!$D$11:$BR$432, 0, MATCH(G42, 'Polla - Grupos'!$D$8:$BR$8, 0))=2))} -> 0 | L42: {=SUMPRODUCT(IFERROR(N(MATCH(ROW('Polla - Grupos'!$D$11:$D$432), {11;16;21;26;31;36;47;52;57;62;67;72;83;88;93;98;103;108;119;124;129;134;139;144;155;160;165;170;175;180;191;196;201;206;211;216;227;232;237;242;247;252;263;268;273;278;283;288;299;304;309;314;319;324;335;340;345;350;355;360;371;376;381;386;391;396;407;412;417;422;427;432}, 0)>0), 0) * (INDEX('Polla - Grupos'!$D$11:$BR$432, 0, MATCH(G42, 'Polla - Grupos'!$D$8:$BR$8, 0))=1))} -> 0 | M42: =H42 + (I42 * 0.001) + (J42 * 0.000001) + (K42 * 0.000000001) + (L42 * 0.000000000001) -> 0 | O42: =COUNTIF($M$6:$M$70, ">"&M42) + COUNTIF($M$6:M42, M42) -> 37 | P42: =INDEX($G$6:$G$70, MATCH(ROW(A37), $O$6:$O$70, 0)) -> Helen Muñoz
C43: ='Polla - Grupos'!AO8 -> Julieth Cruz - Luiz Diaz | D43: ='Polla - Grupos'!AO435 -> 0 | E43: =COUNTIF($D$6:$D$64, ">"&D43) + COUNTIF($D$6:D43, D43) -> 38 | G43: =INDEX($C$6:$C$64, MATCH(ROW(A38), $E$6:$E$64, 0)) -> Julieth Cruz - Luiz Diaz | H43: =INDEX($D$6:$D$64, MATCH(ROW(A38), $E$6:$E$64, 0)) -> 0 | I43: {=SUMPRODUCT(IFERROR(N(MATCH(ROW('Polla - Grupos'!$D$11:$D$432), {11;16;21;26;31;36;47;52;57;62;67;72;83;88;93;98;103;108;119;124;129;134;139;144;155;160;165;170;175;180;191;196;201;206;211;216;227;232;237;242;247;252;263;268;273;278;283;288;299;304;309;314;319;324;335;340;345;350;355;360;371;376;381;386;391;396;407;412;417;422;427;432}, 0)>0), 0) * (INDEX('Polla - Grupos'!$D$11:$BR$432, 0, MATCH(G43, 'Polla - Grupos'!$D$8:$BR$8, 0))=5))} -> 0 | J43: {=SUMPRODUCT(IFERROR(N(MATCH(ROW('Polla - Grupos'!$D$11:$D$432), {11;16;21;26;31;36;47;52;57;62;67;72;83;88;93;98;103;108;119;124;129;134;139;144;155;160;165;170;175;180;191;196;201;206;211;216;227;232;237;242;247;252;263;268;273;278;283;288;299;304;309;314;319;324;335;340;345;350;355;360;371;376;381;386;391;396;407;412;417;422;427;432}, 0)>0), 0) * (INDEX('Polla - Grupos'!$D$11:$BR$432, 0, MATCH(G43, 'Polla - Grupos'!$D$8:$BR$8, 0))=3))} -> 0 | K43: {=SUMPRODUCT(IFERROR(N(MATCH(ROW('Polla - Grupos'!$D$11:$D$432), {11;16;21;26;31;36;47;52;57;62;67;72;83;88;93;98;103;108;119;124;129;134;139;144;155;160;165;170;175;180;191;196;201;206;211;216;227;232;237;242;247;252;263;268;273;278;283;288;299;304;309;314;319;324;335;340;345;350;355;360;371;376;381;386;391;396;407;412;417;422;427;432}, 0)>0), 0) * (INDEX('Polla - Grupos'!$D$11:$BR$432, 0, MATCH(G43, 'Polla - Grupos'!$D$8:$BR$8, 0))=2))} -> 0 | L43: {=SUMPRODUCT(IFERROR(N(MATCH(ROW('Polla - Grupos'!$D$11:$D$432), {11;16;21;26;31;36;47;52;57;62;67;72;83;88;93;98;103;108;119;124;129;134;139;144;155;160;165;170;175;180;191;196;201;206;211;216;227;232;237;242;247;252;263;268;273;278;283;288;299;304;309;314;319;324;335;340;345;350;355;360;371;376;381;386;391;396;407;412;417;422;427;432}, 0)>0), 0) * (INDEX('Polla - Grupos'!$D$11:$BR$432, 0, MATCH(G43, 'Polla - Grupos'!$D$8:$BR$8, 0))=1))} -> 0 | M43: =H43 + (I43 * 0.001) + (J43 * 0.000001) + (K43 * 0.000000001) + (L43 * 0.000000000001) -> 0 | O43: =COUNTIF($M$6:$M$70, ">"&M43) + COUNTIF($M$6:M43, M43) -> 38 | P43: =INDEX($G$6:$G$70, MATCH(ROW(A38), $O$6:$O$70, 0)) -> Julieth Cruz - Luiz Diaz
C44: ='Polla - Grupos'!AP8 -> Jose Luis Montoya | D44: ='Polla - Grupos'!AP435 -> 0 | E44: =COUNTIF($D$6:$D$64, ">"&D44) + COUNTIF($D$6:D44, D44) -> 39 | G44: =INDEX($C$6:$C$64, MATCH(ROW(A39), $E$6:$E$64, 0)) -> Jose Luis Montoya | H44: =INDEX($D$6:$D$64, MATCH(ROW(A39), $E$6:$E$64, 0)) -> 0 | I44: {=SUMPRODUCT(IFERROR(N(MATCH(ROW('Polla - Grupos'!$D$11:$D$432), {11;16;21;26;31;36;47;52;57;62;67;72;83;88;93;98;103;108;119;124;129;134;139;144;155;160;165;170;175;180;191;196;201;206;211;216;227;232;237;242;247;252;263;268;273;278;283;288;299;304;309;314;319;324;335;340;345;350;355;360;371;376;381;386;391;396;407;412;417;422;427;432}, 0)>0), 0) * (INDEX('Polla - Grupos'!$D$11:$BR$432, 0, MATCH(G44, 'Polla - Grupos'!$D$8:$BR$8, 0))=5))} -> 0 | J44: {=SUMPRODUCT(IFERROR(N(MATCH(ROW('Polla - Grupos'!$D$11:$D$432), {11;16;21;26;31;36;47;52;57;62;67;72;83;88;93;98;103;108;119;124;129;134;139;144;155;160;165;170;175;180;191;196;201;206;211;216;227;232;237;242;247;252;263;268;273;278;283;288;299;304;309;314;319;324;335;340;345;350;355;360;371;376;381;386;391;396;407;412;417;422;427;432}, 0)>0), 0) * (INDEX('Polla - Grupos'!$D$11:$BR$432, 0, MATCH(G44, 'Polla - Grupos'!$D$8:$BR$8, 0))=3))} -> 0 | K44: {=SUMPRODUCT(IFERROR(N(MATCH(ROW('Polla - Grupos'!$D$11:$D$432), {11;16;21;26;31;36;47;52;57;62;67;72;83;88;93;98;103;108;119;124;129;134;139;144;155;160;165;170;175;180;191;196;201;206;211;216;227;232;237;242;247;252;263;268;273;278;283;288;299;304;309;314;319;324;335;340;345;350;355;360;371;376;381;386;391;396;407;412;417;422;427;432}, 0)>0), 0) * (INDEX('Polla - Grupos'!$D$11:$BR$432, 0, MATCH(G44, 'Polla - Grupos'!$D$8:$BR$8, 0))=2))} -> 0 | L44: {=SUMPRODUCT(IFERROR(N(MATCH(ROW('Polla - Grupos'!$D$11:$D$432), {11;16;21;26;31;36;47;52;57;62;67;72;83;88;93;98;103;108;119;124;129;134;139;144;155;160;165;170;175;180;191;196;201;206;211;216;227;232;237;242;247;252;263;268;273;278;283;288;299;304;309;314;319;324;335;340;345;350;355;360;371;376;381;386;391;396;407;412;417;422;427;432}, 0)>0), 0) * (INDEX('Polla - Grupos'!$D$11:$BR$432, 0, MATCH(G44, 'Polla - Grupos'!$D$8:$BR$8, 0))=1))} -> 0 | M44: =H44 + (I44 * 0.001) + (J44 * 0.000001) + (K44 * 0.000000001) + (L44 * 0.000000000001) -> 0 | O44: =COUNTIF($M$6:$M$70, ">"&M44) + COUNTIF($M$6:M44, M44) -> 39 | P44: =INDEX($G$6:$G$70, MATCH(ROW(A39), $O$6:$O$70, 0)) -> Jose Luis Montoya
C45: ='Polla - Grupos'!AQ8 -> Julian Useche | D45: ='Polla - Grupos'!AQ435 -> 0 | E45: =COUNTIF($D$6:$D$64, ">"&D45) + COUNTIF($D$6:D45, D45) -> 40 | G45: =INDEX($C$6:$C$64, MATCH(ROW(A40), $E$6:$E$64, 0)) -> Julian Useche | H45: =INDEX($D$6:$D$64, MATCH(ROW(A40), $E$6:$E$64, 0)) -> 0 | I45: {=SUMPRODUCT(IFERROR(N(MATCH(ROW('Polla - Grupos'!$D$11:$D$432), {11;16;21;26;31;36;47;52;57;62;67;72;83;88;93;98;103;108;119;124;129;134;139;144;155;160;165;170;175;180;191;196;201;206;211;216;227;232;237;242;247;252;263;268;273;278;283;288;299;304;309;314;319;324;335;340;345;350;355;360;371;376;381;386;391;396;407;412;417;422;427;432}, 0)>0), 0) * (INDEX('Polla - Grupos'!$D$11:$BR$432, 0, MATCH(G45, 'Polla - Grupos'!$D$8:$BR$8, 0))=5))} -> 0 | J45: {=SUMPRODUCT(IFERROR(N(MATCH(ROW('Polla - Grupos'!$D$11:$D$432), {11;16;21;26;31;36;47;52;57;62;67;72;83;88;93;98;103;108;119;124;129;134;139;144;155;160;165;170;175;180;191;196;201;206;211;216;227;232;237;242;247;252;263;268;273;278;283;288;299;304;309;314;319;324;335;340;345;350;355;360;371;376;381;386;391;396;407;412;417;422;427;432}, 0)>0), 0) * (INDEX('Polla - Grupos'!$D$11:$BR$432, 0, MATCH(G45, 'Polla - Grupos'!$D$8:$BR$8, 0))=3))} -> 0 | K45: {=SUMPRODUCT(IFERROR(N(MATCH(ROW('Polla - Grupos'!$D$11:$D$432), {11;16;21;26;31;36;47;52;57;62;67;72;83;88;93;98;103;108;119;124;129;134;139;144;155;160;165;170;175;180;191;196;201;206;211;216;227;232;237;242;247;252;263;268;273;278;283;288;299;304;309;314;319;324;335;340;345;350;355;360;371;376;381;386;391;396;407;412;417;422;427;432}, 0)>0), 0) * (INDEX('Polla - Grupos'!$D$11:$BR$432, 0, MATCH(G45, 'Polla - Grupos'!$D$8:$BR$8, 0))=2))} -> 0 | L45: {=SUMPRODUCT(IFERROR(N(MATCH(ROW('Polla - Grupos'!$D$11:$D$432), {11;16;21;26;31;36;47;52;57;62;67;72;83;88;93;98;103;108;119;124;129;134;139;144;155;160;165;170;175;180;191;196;201;206;211;216;227;232;237;242;247;252;263;268;273;278;283;288;299;304;309;314;319;324;335;340;345;350;355;360;371;376;381;386;391;396;407;412;417;422;427;432}, 0)>0), 0) * (INDEX('Polla - Grupos'!$D$11:$BR$432, 0, MATCH(G45, 'Polla - Grupos'!$D$8:$BR$8, 0))=1))} -> 0 | M45: =H45 + (I45 * 0.001) + (J45 * 0.000001) + (K45 * 0.000000001) + (L45 * 0.000000000001) -> 0 | O45: =COUNTIF($M$6:$M$70, ">"&M45) + COUNTIF($M$6:M45, M45) -> 40 | P45: =INDEX($G$6:$G$70, MATCH(ROW(A40), $O$6:$O$70, 0)) -> Julian Useche
C46: ='Polla - Grupos'!AR8 -> Sebastian Posada | D46: ='Polla - Grupos'!AR435 -> 0 | E46: =COUNTIF($D$6:$D$64, ">"&D46) + COUNTIF($D$6:D46, D46) -> 41 | G46: =INDEX($C$6:$C$64, MATCH(ROW(A41), $E$6:$E$64, 0)) -> Sebastian Posada | H46: =INDEX($D$6:$D$64, MATCH(ROW(A41), $E$6:$E$64, 0)) -> 0 | I46: {=SUMPRODUCT(IFERROR(N(MATCH(ROW('Polla - Grupos'!$D$11:$D$432), {11;16;21;26;31;36;47;52;57;62;67;72;83;88;93;98;103;108;119;124;129;134;139;144;155;160;165;170;175;180;191;196;201;206;211;216;227;232;237;242;247;252;263;268;273;278;283;288;299;304;309;314;319;324;335;340;345;350;355;360;371;376;381;386;391;396;407;412;417;422;427;432}, 0)>0), 0) * (INDEX('Polla - Grupos'!$D$11:$BR$432, 0, MATCH(G46, 'Polla - Grupos'!$D$8:$BR$8, 0))=5))} -> 0 | J46: {=SUMPRODUCT(IFERROR(N(MATCH(ROW('Polla - Grupos'!$D$11:$D$432), {11;16;21;26;31;36;47;52;57;62;67;72;83;88;93;98;103;108;119;124;129;134;139;144;155;160;165;170;175;180;191;196;201;206;211;216;227;232;237;242;247;252;263;268;273;278;283;288;299;304;309;314;319;324;335;340;345;350;355;360;371;376;381;386;391;396;407;412;417;422;427;432}, 0)>0), 0) * (INDEX('Polla - Grupos'!$D$11:$BR$432, 0, MATCH(G46, 'Polla - Grupos'!$D$8:$BR$8, 0))=3))} -> 0 | K46: {=SUMPRODUCT(IFERROR(N(MATCH(ROW('Polla - Grupos'!$D$11:$D$432), {11;16;21;26;31;36;47;52;57;62;67;72;83;88;93;98;103;108;119;124;129;134;139;144;155;160;165;170;175;180;191;196;201;206;211;216;227;232;237;242;247;252;263;268;273;278;283;288;299;304;309;314;319;324;335;340;345;350;355;360;371;376;381;386;391;396;407;412;417;422;427;432}, 0)>0), 0) * (INDEX('Polla - Grupos'!$D$11:$BR$432, 0, MATCH(G46, 'Polla - Grupos'!$D$8:$BR$8, 0))=2))} -> 0 | L46: {=SUMPRODUCT(IFERROR(N(MATCH(ROW('Polla - Grupos'!$D$11:$D$432), {11;16;21;26;31;36;47;52;57;62;67;72;83;88;93;98;103;108;119;124;129;134;139;144;155;160;165;170;175;180;191;196;201;206;211;216;227;232;237;242;247;252;263;268;273;278;283;288;299;304;309;314;319;324;335;340;345;350;355;360;371;376;381;386;391;396;407;412;417;422;427;432}, 0)>0), 0) * (INDEX('Polla - Grupos'!$D$11:$BR$432, 0, MATCH(G46, 'Polla - Grupos'!$D$8:$BR$8, 0))=1))} -> 0 | M46: =H46 + (I46 * 0.001) + (J46 * 0.000001) + (K46 * 0.000000001) + (L46 * 0.000000000001) -> 0 | O46: =COUNTIF($M$6:$M$70, ">"&M46) + COUNTIF($M$6:M46, M46) -> 41 | P46: =INDEX($G$6:$G$70, MATCH(ROW(A41), $O$6:$O$70, 0)) -> Sebastian Posada
C47: ='Polla - Grupos'!AS8 -> Juan Cifuentes | D47: ='Polla - Grupos'!AS435 -> 0 | E47: =COUNTIF($D$6:$D$64, ">"&D47) + COUNTIF($D$6:D47, D47) -> 42 | G47: =INDEX($C$6:$C$64, MATCH(ROW(A42), $E$6:$E$64, 0)) -> Juan Cifuentes | H47: =INDEX($D$6:$D$64, MATCH(ROW(A42), $E$6:$E$64, 0)) -> 0 | I47: {=SUMPRODUCT(IFERROR(N(MATCH(ROW('Polla - Grupos'!$D$11:$D$432), {11;16;21;26;31;36;47;52;57;62;67;72;83;88;93;98;103;108;119;124;129;134;139;144;155;160;165;170;175;180;191;196;201;206;211;216;227;232;237;242;247;252;263;268;273;278;283;288;299;304;309;314;319;324;335;340;345;350;355;360;371;376;381;386;391;396;407;412;417;422;427;432}, 0)>0), 0) * (INDEX('Polla - Grupos'!$D$11:$BR$432, 0, MATCH(G47, 'Polla - Grupos'!$D$8:$BR$8, 0))=5))} -> 0 | J47: {=SUMPRODUCT(IFERROR(N(MATCH(ROW('Polla - Grupos'!$D$11:$D$432), {11;16;21;26;31;36;47;52;57;62;67;72;83;88;93;98;103;108;119;124;129;134;139;144;155;160;165;170;175;180;191;196;201;206;211;216;227;232;237;242;247;252;263;268;273;278;283;288;299;304;309;314;319;324;335;340;345;350;355;360;371;376;381;386;391;396;407;412;417;422;427;432}, 0)>0), 0) * (INDEX('Polla - Grupos'!$D$11:$BR$432, 0, MATCH(G47, 'Polla - Grupos'!$D$8:$BR$8, 0))=3))} -> 0 | K47: {=SUMPRODUCT(IFERROR(N(MATCH(ROW('Polla - Grupos'!$D$11:$D$432), {11;16;21;26;31;36;47;52;57;62;67;72;83;88;93;98;103;108;119;124;129;134;139;144;155;160;165;170;175;180;191;196;201;206;211;216;227;232;237;242;247;252;263;268;273;278;283;288;299;304;309;314;319;324;335;340;345;350;355;360;371;376;381;386;391;396;407;412;417;422;427;432}, 0)>0), 0) * (INDEX('Polla - Grupos'!$D$11:$BR$432, 0, MATCH(G47, 'Polla - Grupos'!$D$8:$BR$8, 0))=2))} -> 0 | L47: {=SUMPRODUCT(IFERROR(N(MATCH(ROW('Polla - Grupos'!$D$11:$D$432), {11;16;21;26;31;36;47;52;57;62;67;72;83;88;93;98;103;108;119;124;129;134;139;144;155;160;165;170;175;180;191;196;201;206;211;216;227;232;237;242;247;252;263;268;273;278;283;288;299;304;309;314;319;324;335;340;345;350;355;360;371;376;381;386;391;396;407;412;417;422;427;432}, 0)>0), 0) * (INDEX('Polla - Grupos'!$D$11:$BR$432, 0, MATCH(G47, 'Polla - Grupos'!$D$8:$BR$8, 0))=1))} -> 0 | M47: =H47 + (I47 * 0.001) + (J47 * 0.000001) + (K47 * 0.000000001) + (L47 * 0.000000000001) -> 0 | O47: =COUNTIF($M$6:$M$70, ">"&M47) + COUNTIF($M$6:M47, M47) -> 42 | P47: =INDEX($G$6:$G$70, MATCH(ROW(A42), $O$6:$O$70, 0)) -> Juan Cifuentes
C48: ='Polla - Grupos'!AT8 -> Rodrigo Dominguez | D48: ='Polla - Grupos'!AT435 -> 0 | E48: =COUNTIF($D$6:$D$64, ">"&D48) + COUNTIF($D$6:D48, D48) -> 43 | G48: =INDEX($C$6:$C$64, MATCH(ROW(A43), $E$6:$E$64, 0)) -> Rodrigo Dominguez | H48: =INDEX($D$6:$D$64, MATCH(ROW(A43), $E$6:$E$64, 0)) -> 0 | I48: {=SUMPRODUCT(IFERROR(N(MATCH(ROW('Polla - Grupos'!$D$11:$D$432), {11;16;21;26;31;36;47;52;57;62;67;72;83;88;93;98;103;108;119;124;129;134;139;144;155;160;165;170;175;180;191;196;201;206;211;216;227;232;237;242;247;252;263;268;273;278;283;288;299;304;309;314;319;324;335;340;345;350;355;360;371;376;381;386;391;396;407;412;417;422;427;432}, 0)>0), 0) * (INDEX('Polla - Grupos'!$D$11:$BR$432, 0, MATCH(G48, 'Polla - Grupos'!$D$8:$BR$8, 0))=5))} -> 0 | J48: {=SUMPRODUCT(IFERROR(N(MATCH(ROW('Polla - Grupos'!$D$11:$D$432), {11;16;21;26;31;36;47;52;57;62;67;72;83;88;93;98;103;108;119;124;129;134;139;144;155;160;165;170;175;180;191;196;201;206;211;216;227;232;237;242;247;252;263;268;273;278;283;288;299;304;309;314;319;324;335;340;345;350;355;360;371;376;381;386;391;396;407;412;417;422;427;432}, 0)>0), 0) * (INDEX('Polla - Grupos'!$D$11:$BR$432, 0, MATCH(G48, 'Polla - Grupos'!$D$8:$BR$8, 0))=3))} -> 0 | K48: {=SUMPRODUCT(IFERROR(N(MATCH(ROW('Polla - Grupos'!$D$11:$D$432), {11;16;21;26;31;36;47;52;57;62;67;72;83;88;93;98;103;108;119;124;129;134;139;144;155;160;165;170;175;180;191;196;201;206;211;216;227;232;237;242;247;252;263;268;273;278;283;288;299;304;309;314;319;324;335;340;345;350;355;360;371;376;381;386;391;396;407;412;417;422;427;432}, 0)>0), 0) * (INDEX('Polla - Grupos'!$D$11:$BR$432, 0, MATCH(G48, 'Polla - Grupos'!$D$8:$BR$8, 0))=2))} -> 0 | L48: {=SUMPRODUCT(IFERROR(N(MATCH(ROW('Polla - Grupos'!$D$11:$D$432), {11;16;21;26;31;36;47;52;57;62;67;72;83;88;93;98;103;108;119;124;129;134;139;144;155;160;165;170;175;180;191;196;201;206;211;216;227;232;237;242;247;252;263;268;273;278;283;288;299;304;309;314;319;324;335;340;345;350;355;360;371;376;381;386;391;396;407;412;417;422;427;432}, 0)>0), 0) * (INDEX('Polla - Grupos'!$D$11:$BR$432, 0, MATCH(G48, 'Polla - Grupos'!$D$8:$BR$8, 0))=1))} -> 0 | M48: =H48 + (I48 * 0.001) + (J48 * 0.000001) + (K48 * 0.000000001) + (L48 * 0.000000000001) -> 0 | O48: =COUNTIF($M$6:$M$70, ">"&M48) + COUNTIF($M$6:M48, M48) -> 43 | P48: =INDEX($G$6:$G$70, MATCH(ROW(A43), $O$6:$O$70, 0)) -> Rodrigo Dominguez
C49: ='Polla - Grupos'!AU8 -> Carlos Calero | D49: ='Polla - Grupos'!AU435 -> 0 | E49: =COUNTIF($D$6:$D$64, ">"&D49) + COUNTIF($D$6:D49, D49) -> 44 | G49: =INDEX($C$6:$C$64, MATCH(ROW(A44), $E$6:$E$64, 0)) -> Carlos Calero | H49: =INDEX($D$6:$D$64, MATCH(ROW(A44), $E$6:$E$64, 0)) -> 0 | I49: {=SUMPRODUCT(IFERROR(N(MATCH(ROW('Polla - Grupos'!$D$11:$D$432), {11;16;21;26;31;36;47;52;57;62;67;72;83;88;93;98;103;108;119;124;129;134;139;144;155;160;165;170;175;180;191;196;201;206;211;216;227;232;237;242;247;252;263;268;273;278;283;288;299;304;309;314;319;324;335;340;345;350;355;360;371;376;381;386;391;396;407;412;417;422;427;432}, 0)>0), 0) * (INDEX('Polla - Grupos'!$D$11:$BR$432, 0, MATCH(G49, 'Polla - Grupos'!$D$8:$BR$8, 0))=5))} -> 0 | J49: {=SUMPRODUCT(IFERROR(N(MATCH(ROW('Polla - Grupos'!$D$11:$D$432), {11;16;21;26;31;36;47;52;57;62;67;72;83;88;93;98;103;108;119;124;129;134;139;144;155;160;165;170;175;180;191;196;201;206;211;216;227;232;237;242;247;252;263;268;273;278;283;288;299;304;309;314;319;324;335;340;345;350;355;360;371;376;381;386;391;396;407;412;417;422;427;432}, 0)>0), 0) * (INDEX('Polla - Grupos'!$D$11:$BR$432, 0, MATCH(G49, 'Polla - Grupos'!$D$8:$BR$8, 0))=3))} -> 0 | K49: {=SUMPRODUCT(IFERROR(N(MATCH(ROW('Polla - Grupos'!$D$11:$D$432), {11;16;21;26;31;36;47;52;57;62;67;72;83;88;93;98;103;108;119;124;129;134;139;144;155;160;165;170;175;180;191;196;201;206;211;216;227;232;237;242;247;252;263;268;273;278;283;288;299;304;309;314;319;324;335;340;345;350;355;360;371;376;381;386;391;396;407;412;417;422;427;432}, 0)>0), 0) * (INDEX('Polla - Grupos'!$D$11:$BR$432, 0, MATCH(G49, 'Polla - Grupos'!$D$8:$BR$8, 0))=2))} -> 0 | L49: {=SUMPRODUCT(IFERROR(N(MATCH(ROW('Polla - Grupos'!$D$11:$D$432), {11;16;21;26;31;36;47;52;57;62;67;72;83;88;93;98;103;108;119;124;129;134;139;144;155;160;165;170;175;180;191;196;201;206;211;216;227;232;237;242;247;252;263;268;273;278;283;288;299;304;309;314;319;324;335;340;345;350;355;360;371;376;381;386;391;396;407;412;417;422;427;432}, 0)>0), 0) * (INDEX('Polla - Grupos'!$D$11:$BR$432, 0, MATCH(G49, 'Polla - Grupos'!$D$8:$BR$8, 0))=1))} -> 0 | M49: =H49 + (I49 * 0.001) + (J49 * 0.000001) + (K49 * 0.000000001) + (L49 * 0.000000000001) -> 0 | O49: =COUNTIF($M$6:$M$70, ">"&M49) + COUNTIF($M$6:M49, M49) -> 44 | P49: =INDEX($G$6:$G$70, MATCH(ROW(A44), $O$6:$O$70, 0)) -> Carlos Calero
C50: ='Polla - Grupos'!AV8 -> Lewhis Spirth Montaño | D50: ='Polla - Grupos'!AV435 -> 0 | E50: =COUNTIF($D$6:$D$64, ">"&D50) + COUNTIF($D$6:D50, D50) -> 45 | G50: =INDEX($C$6:$C$64, MATCH(ROW(A45), $E$6:$E$64, 0)) -> Lewhis Spirth Montaño | H50: =INDEX($D$6:$D$64, MATCH(ROW(A45), $E$6:$E$64, 0)) -> 0 | I50: {=SUMPRODUCT(IFERROR(N(MATCH(ROW('Polla - Grupos'!$D$11:$D$432), {11;16;21;26;31;36;47;52;57;62;67;72;83;88;93;98;103;108;119;124;129;134;139;144;155;160;165;170;175;180;191;196;201;206;211;216;227;232;237;242;247;252;263;268;273;278;283;288;299;304;309;314;319;324;335;340;345;350;355;360;371;376;381;386;391;396;407;412;417;422;427;432}, 0)>0), 0) * (INDEX('Polla - Grupos'!$D$11:$BR$432, 0, MATCH(G50, 'Polla - Grupos'!$D$8:$BR$8, 0))=5))} -> 0 | J50: {=SUMPRODUCT(IFERROR(N(MATCH(ROW('Polla - Grupos'!$D$11:$D$432), {11;16;21;26;31;36;47;52;57;62;67;72;83;88;93;98;103;108;119;124;129;134;139;144;155;160;165;170;175;180;191;196;201;206;211;216;227;232;237;242;247;252;263;268;273;278;283;288;299;304;309;314;319;324;335;340;345;350;355;360;371;376;381;386;391;396;407;412;417;422;427;432}, 0)>0), 0) * (INDEX('Polla - Grupos'!$D$11:$BR$432, 0, MATCH(G50, 'Polla - Grupos'!$D$8:$BR$8, 0))=3))} -> 0 | K50: {=SUMPRODUCT(IFERROR(N(MATCH(ROW('Polla - Grupos'!$D$11:$D$432), {11;16;21;26;31;36;47;52;57;62;67;72;83;88;93;98;103;108;119;124;129;134;139;144;155;160;165;170;175;180;191;196;201;206;211;216;227;232;237;242;247;252;263;268;273;278;283;288;299;304;309;314;319;324;335;340;345;350;355;360;371;376;381;386;391;396;407;412;417;422;427;432}, 0)>0), 0) * (INDEX('Polla - Grupos'!$D$11:$BR$432, 0, MATCH(G50, 'Polla - Grupos'!$D$8:$BR$8, 0))=2))} -> 0 | L50: {=SUMPRODUCT(IFERROR(N(MATCH(ROW('Polla - Grupos'!$D$11:$D$432), {11;16;21;26;31;36;47;52;57;62;67;72;83;88;93;98;103;108;119;124;129;134;139;144;155;160;165;170;175;180;191;196;201;206;211;216;227;232;237;242;247;252;263;268;273;278;283;288;299;304;309;314;319;324;335;340;345;350;355;360;371;376;381;386;391;396;407;412;417;422;427;432}, 0)>0), 0) * (INDEX('Polla - Grupos'!$D$11:$BR$432, 0, MATCH(G50, 'Polla - Grupos'!$D$8:$BR$8, 0))=1))} -> 0 | M50: =H50 + (I50 * 0.001) + (J50 * 0.000001) + (K50 * 0.000000001) + (L50 * 0.000000000001) -> 0 | O50: =COUNTIF($M$6:$M$70, ">"&M50) + COUNTIF($M$6:M50, M50) -> 45 | P50: =INDEX($G$6:$G$70, MATCH(ROW(A45), $O$6:$O$70, 0)) -> Lewhis Spirth Montaño
C51: ='Polla - Grupos'!AW8 -> Sebastian Castro Luna | D51: ='Polla - Grupos'!AW435 -> 0 | E51: =COUNTIF($D$6:$D$64, ">"&D51) + COUNTIF($D$6:D51, D51) -> 46 | G51: =INDEX($C$6:$C$64, MATCH(ROW(A46), $E$6:$E$64, 0)) -> Sebastian Castro Luna | H51: =INDEX($D$6:$D$64, MATCH(ROW(A46), $E$6:$E$64, 0)) -> 0 | I51: {=SUMPRODUCT(IFERROR(N(MATCH(ROW('Polla - Grupos'!$D$11:$D$432), {11;16;21;26;31;36;47;52;57;62;67;72;83;88;93;98;103;108;119;124;129;134;139;144;155;160;165;170;175;180;191;196;201;206;211;216;227;232;237;242;247;252;263;268;273;278;283;288;299;304;309;314;319;324;335;340;345;350;355;360;371;376;381;386;391;396;407;412;417;422;427;432}, 0)>0), 0) * (INDEX('Polla - Grupos'!$D$11:$BR$432, 0, MATCH(G51, 'Polla - Grupos'!$D$8:$BR$8, 0))=5))} -> 0 | J51: {=SUMPRODUCT(IFERROR(N(MATCH(ROW('Polla - Grupos'!$D$11:$D$432), {11;16;21;26;31;36;47;52;57;62;67;72;83;88;93;98;103;108;119;124;129;134;139;144;155;160;165;170;175;180;191;196;201;206;211;216;227;232;237;242;247;252;263;268;273;278;283;288;299;304;309;314;319;324;335;340;345;350;355;360;371;376;381;386;391;396;407;412;417;422;427;432}, 0)>0), 0) * (INDEX('Polla - Grupos'!$D$11:$BR$432, 0, MATCH(G51, 'Polla - Grupos'!$D$8:$BR$8, 0))=3))} -> 0 | K51: {=SUMPRODUCT(IFERROR(N(MATCH(ROW('Polla - Grupos'!$D$11:$D$432), {11;16;21;26;31;36;47;52;57;62;67;72;83;88;93;98;103;108;119;124;129;134;139;144;155;160;165;170;175;180;191;196;201;206;211;216;227;232;237;242;247;252;263;268;273;278;283;288;299;304;309;314;319;324;335;340;345;350;355;360;371;376;381;386;391;396;407;412;417;422;427;432}, 0)>0), 0) * (INDEX('Polla - Grupos'!$D$11:$BR$432, 0, MATCH(G51, 'Polla - Grupos'!$D$8:$BR$8, 0))=2))} -> 0 | L51: {=SUMPRODUCT(IFERROR(N(MATCH(ROW('Polla - Grupos'!$D$11:$D$432), {11;16;21;26;31;36;47;52;57;62;67;72;83;88;93;98;103;108;119;124;129;134;139;144;155;160;165;170;175;180;191;196;201;206;211;216;227;232;237;242;247;252;263;268;273;278;283;288;299;304;309;314;319;324;335;340;345;350;355;360;371;376;381;386;391;396;407;412;417;422;427;432}, 0)>0), 0) * (INDEX('Polla - Grupos'!$D$11:$BR$432, 0, MATCH(G51, 'Polla - Grupos'!$D$8:$BR$8, 0))=1))} -> 0 | M51: =H51 + (I51 * 0.001) + (J51 * 0.000001) + (K51 * 0.000000001) + (L51 * 0.000000000001) -> 0 | O51: =COUNTIF($M$6:$M$70, ">"&M51) + COUNTIF($M$6:M51, M51) -> 46 | P51: =INDEX($G$6:$G$70, MATCH(ROW(A46), $O$6:$O$70, 0)) -> Sebastian Castro Luna
C52: ='Polla - Grupos'!AX8 -> Francia Orozco | D52: ='Polla - Grupos'!AX435 -> 0 | E52: =COUNTIF($D$6:$D$64, ">"&D52) + COUNTIF($D$6:D52, D52) -> 47 | G52: =INDEX($C$6:$C$64, MATCH(ROW(A47), $E$6:$E$64, 0)) -> Francia Orozco | H52: =INDEX($D$6:$D$64, MATCH(ROW(A47), $E$6:$E$64, 0)) -> 0 | I52: {=SUMPRODUCT(IFERROR(N(MATCH(ROW('Polla - Grupos'!$D$11:$D$432), {11;16;21;26;31;36;47;52;57;62;67;72;83;88;93;98;103;108;119;124;129;134;139;144;155;160;165;170;175;180;191;196;201;206;211;216;227;232;237;242;247;252;263;268;273;278;283;288;299;304;309;314;319;324;335;340;345;350;355;360;371;376;381;386;391;396;407;412;417;422;427;432}, 0)>0), 0) * (INDEX('Polla - Grupos'!$D$11:$BR$432, 0, MATCH(G52, 'Polla - Grupos'!$D$8:$BR$8, 0))=5))} -> 0 | J52: {=SUMPRODUCT(IFERROR(N(MATCH(ROW('Polla - Grupos'!$D$11:$D$432), {11;16;21;26;31;36;47;52;57;62;67;72;83;88;93;98;103;108;119;124;129;134;139;144;155;160;165;170;175;180;191;196;201;206;211;216;227;232;237;242;247;252;263;268;273;278;283;288;299;304;309;314;319;324;335;340;345;350;355;360;371;376;381;386;391;396;407;412;417;422;427;432}, 0)>0), 0) * (INDEX('Polla - Grupos'!$D$11:$BR$432, 0, MATCH(G52, 'Polla - Grupos'!$D$8:$BR$8, 0))=3))} -> 0 | K52: {=SUMPRODUCT(IFERROR(N(MATCH(ROW('Polla - Grupos'!$D$11:$D$432), {11;16;21;26;31;36;47;52;57;62;67;72;83;88;93;98;103;108;119;124;129;134;139;144;155;160;165;170;175;180;191;196;201;206;211;216;227;232;237;242;247;252;263;268;273;278;283;288;299;304;309;314;319;324;335;340;345;350;355;360;371;376;381;386;391;396;407;412;417;422;427;432}, 0)>0), 0) * (INDEX('Polla - Grupos'!$D$11:$BR$432, 0, MATCH(G52, 'Polla - Grupos'!$D$8:$BR$8, 0))=2))} -> 0 | L52: {=SUMPRODUCT(IFERROR(N(MATCH(ROW('Polla - Grupos'!$D$11:$D$432), {11;16;21;26;31;36;47;52;57;62;67;72;83;88;93;98;103;108;119;124;129;134;139;144;155;160;165;170;175;180;191;196;201;206;211;216;227;232;237;242;247;252;263;268;273;278;283;288;299;304;309;314;319;324;335;340;345;350;355;360;371;376;381;386;391;396;407;412;417;422;427;432}, 0)>0), 0) * (INDEX('Polla - Grupos'!$D$11:$BR$432, 0, MATCH(G52, 'Polla - Grupos'!$D$8:$BR$8, 0))=1))} -> 0 | M52: =H52 + (I52 * 0.001) + (J52 * 0.000001) + (K52 * 0.000000001) + (L52 * 0.000000000001) -> 0 | O52: =COUNTIF($M$6:$M$70, ">"&M52) + COUNTIF($M$6:M52, M52) -> 47 | P52: =INDEX($G$6:$G$70, MATCH(ROW(A47), $O$6:$O$70, 0)) -> Francia Orozco
C53: ='Polla - Grupos'!AY8 -> Fredy Rojas | D53: ='Polla - Grupos'!AY435 -> 0 | E53: =COUNTIF($D$6:$D$64, ">"&D53) + COUNTIF($D$6:D53, D53) -> 48 | G53: =INDEX($C$6:$C$64, MATCH(ROW(A48), $E$6:$E$64, 0)) -> Fredy Rojas | H53: =INDEX($D$6:$D$64, MATCH(ROW(A48), $E$6:$E$64, 0)) -> 0 | I53: {=SUMPRODUCT(IFERROR(N(MATCH(ROW('Polla - Grupos'!$D$11:$D$432), {11;16;21;26;31;36;47;52;57;62;67;72;83;88;93;98;103;108;119;124;129;134;139;144;155;160;165;170;175;180;191;196;201;206;211;216;227;232;237;242;247;252;263;268;273;278;283;288;299;304;309;314;319;324;335;340;345;350;355;360;371;376;381;386;391;396;407;412;417;422;427;432}, 0)>0), 0) * (INDEX('Polla - Grupos'!$D$11:$BR$432, 0, MATCH(G53, 'Polla - Grupos'!$D$8:$BR$8, 0))=5))} -> 0 | J53: {=SUMPRODUCT(IFERROR(N(MATCH(ROW('Polla - Grupos'!$D$11:$D$432), {11;16;21;26;31;36;47;52;57;62;67;72;83;88;93;98;103;108;119;124;129;134;139;144;155;160;165;170;175;180;191;196;201;206;211;216;227;232;237;242;247;252;263;268;273;278;283;288;299;304;309;314;319;324;335;340;345;350;355;360;371;376;381;386;391;396;407;412;417;422;427;432}, 0)>0), 0) * (INDEX('Polla - Grupos'!$D$11:$BR$432, 0, MATCH(G53, 'Polla - Grupos'!$D$8:$BR$8, 0))=3))} -> 0 | K53: {=SUMPRODUCT(IFERROR(N(MATCH(ROW('Polla - Grupos'!$D$11:$D$432), {11;16;21;26;31;36;47;52;57;62;67;72;83;88;93;98;103;108;119;124;129;134;139;144;155;160;165;170;175;180;191;196;201;206;211;216;227;232;237;242;247;252;263;268;273;278;283;288;299;304;309;314;319;324;335;340;345;350;355;360;371;376;381;386;391;396;407;412;417;422;427;432}, 0)>0), 0) * (INDEX('Polla - Grupos'!$D$11:$BR$432, 0, MATCH(G53, 'Polla - Grupos'!$D$8:$BR$8, 0))=2))} -> 0 | L53: {=SUMPRODUCT(IFERROR(N(MATCH(ROW('Polla - Grupos'!$D$11:$D$432), {11;16;21;26;31;36;47;52;57;62;67;72;83;88;93;98;103;108;119;124;129;134;139;144;155;160;165;170;175;180;191;196;201;206;211;216;227;232;237;242;247;252;263;268;273;278;283;288;299;304;309;314;319;324;335;340;345;350;355;360;371;376;381;386;391;396;407;412;417;422;427;432}, 0)>0), 0) * (INDEX('Polla - Grupos'!$D$11:$BR$432, 0, MATCH(G53, 'Polla - Grupos'!$D$8:$BR$8, 0))=1))} -> 0 | M53: =H53 + (I53 * 0.001) + (J53 * 0.000001) + (K53 * 0.000000001) + (L53 * 0.000000000001) -> 0 | O53: =COUNTIF($M$6:$M$70, ">"&M53) + COUNTIF($M$6:M53, M53) -> 48 | P53: =INDEX($G$6:$G$70, MATCH(ROW(A48), $O$6:$O$70, 0)) -> Fredy Rojas
C54: ='Polla - Grupos'!AZ8 -> John Quiñonez | D54: ='Polla - Grupos'!AZ435 -> 0 | E54: =COUNTIF($D$6:$D$64, ">"&D54) + COUNTIF($D$6:D54, D54) -> 49 | G54: =INDEX($C$6:$C$64, MATCH(ROW(A49), $E$6:$E$64, 0)) -> John Quiñonez | H54: =INDEX($D$6:$D$64, MATCH(ROW(A49), $E$6:$E$64, 0)) -> 0 | I54: {=SUMPRODUCT(IFERROR(N(MATCH(ROW('Polla - Grupos'!$D$11:$D$432), {11;16;21;26;31;36;47;52;57;62;67;72;83;88;93;98;103;108;119;124;129;134;139;144;155;160;165;170;175;180;191;196;201;206;211;216;227;232;237;242;247;252;263;268;273;278;283;288;299;304;309;314;319;324;335;340;345;350;355;360;371;376;381;386;391;396;407;412;417;422;427;432}, 0)>0), 0) * (INDEX('Polla - Grupos'!$D$11:$BR$432, 0, MATCH(G54, 'Polla - Grupos'!$D$8:$BR$8, 0))=5))} -> 0 | J54: {=SUMPRODUCT(IFERROR(N(MATCH(ROW('Polla - Grupos'!$D$11:$D$432), {11;16;21;26;31;36;47;52;57;62;67;72;83;88;93;98;103;108;119;124;129;134;139;144;155;160;165;170;175;180;191;196;201;206;211;216;227;232;237;242;247;252;263;268;273;278;283;288;299;304;309;314;319;324;335;340;345;350;355;360;371;376;381;386;391;396;407;412;417;422;427;432}, 0)>0), 0) * (INDEX('Polla - Grupos'!$D$11:$BR$432, 0, MATCH(G54, 'Polla - Grupos'!$D$8:$BR$8, 0))=3))} -> 0 | K54: {=SUMPRODUCT(IFERROR(N(MATCH(ROW('Polla - Grupos'!$D$11:$D$432), {11;16;21;26;31;36;47;52;57;62;67;72;83;88;93;98;103;108;119;124;129;134;139;144;155;160;165;170;175;180;191;196;201;206;211;216;227;232;237;242;247;252;263;268;273;278;283;288;299;304;309;314;319;324;335;340;345;350;355;360;371;376;381;386;391;396;407;412;417;422;427;432}, 0)>0), 0) * (INDEX('Polla - Grupos'!$D$11:$BR$432, 0, MATCH(G54, 'Polla - Grupos'!$D$8:$BR$8, 0))=2))} -> 0 | L54: {=SUMPRODUCT(IFERROR(N(MATCH(ROW('Polla - Grupos'!$D$11:$D$432), {11;16;21;26;31;36;47;52;57;62;67;72;83;88;93;98;103;108;119;124;129;134;139;144;155;160;165;170;175;180;191;196;201;206;211;216;227;232;237;242;247;252;263;268;273;278;283;288;299;304;309;314;319;324;335;340;345;350;355;360;371;376;381;386;391;396;407;412;417;422;427;432}, 0)>0), 0) * (INDEX('Polla - Grupos'!$D$11:$BR$432, 0, MATCH(G54, 'Polla - Grupos'!$D$8:$BR$8, 0))=1))} -> 0 | M54: =H54 + (I54 * 0.001) + (J54 * 0.000001) + (K54 * 0.000000001) + (L54 * 0.000000000001) -> 0 | O54: =COUNTIF($M$6:$M$70, ">"&M54) + COUNTIF($M$6:M54, M54) -> 49 | P54: =INDEX($G$6:$G$70, MATCH(ROW(A49), $O$6:$O$70, 0)) -> John Quiñonez
C55: ='Polla - Grupos'!BA8 -> Yuli Guzman | D55: ='Polla - Grupos'!BA435 -> 0 | E55: =COUNTIF($D$6:$D$64, ">"&D55) + COUNTIF($D$6:D55, D55) -> 50 | G55: =INDEX($C$6:$C$64, MATCH(ROW(A50), $E$6:$E$64, 0)) -> Yuli Guzman | H55: =INDEX($D$6:$D$64, MATCH(ROW(A50), $E$6:$E$64, 0)) -> 0 | I55: {=SUMPRODUCT(IFERROR(N(MATCH(ROW('Polla - Grupos'!$D$11:$D$432), {11;16;21;26;31;36;47;52;57;62;67;72;83;88;93;98;103;108;119;124;129;134;139;144;155;160;165;170;175;180;191;196;201;206;211;216;227;232;237;242;247;252;263;268;273;278;283;288;299;304;309;314;319;324;335;340;345;350;355;360;371;376;381;386;391;396;407;412;417;422;427;432}, 0)>0), 0) * (INDEX('Polla - Grupos'!$D$11:$BR$432, 0, MATCH(G55, 'Polla - Grupos'!$D$8:$BR$8, 0))=5))} -> 0 | J55: {=SUMPRODUCT(IFERROR(N(MATCH(ROW('Polla - Grupos'!$D$11:$D$432), {11;16;21;26;31;36;47;52;57;62;67;72;83;88;93;98;103;108;119;124;129;134;139;144;155;160;165;170;175;180;191;196;201;206;211;216;227;232;237;242;247;252;263;268;273;278;283;288;299;304;309;314;319;324;335;340;345;350;355;360;371;376;381;386;391;396;407;412;417;422;427;432}, 0)>0), 0) * (INDEX('Polla - Grupos'!$D$11:$BR$432, 0, MATCH(G55, 'Polla - Grupos'!$D$8:$BR$8, 0))=3))} -> 0 | K55: {=SUMPRODUCT(IFERROR(N(MATCH(ROW('Polla - Grupos'!$D$11:$D$432), {11;16;21;26;31;36;47;52;57;62;67;72;83;88;93;98;103;108;119;124;129;134;139;144;155;160;165;170;175;180;191;196;201;206;211;216;227;232;237;242;247;252;263;268;273;278;283;288;299;304;309;314;319;324;335;340;345;350;355;360;371;376;381;386;391;396;407;412;417;422;427;432}, 0)>0), 0) * (INDEX('Polla - Grupos'!$D$11:$BR$432, 0, MATCH(G55, 'Polla - Grupos'!$D$8:$BR$8, 0))=2))} -> 0 | L55: {=SUMPRODUCT(IFERROR(N(MATCH(ROW('Polla - Grupos'!$D$11:$D$432), {11;16;21;26;31;36;47;52;57;62;67;72;83;88;93;98;103;108;119;124;129;134;139;144;155;160;165;170;175;180;191;196;201;206;211;216;227;232;237;242;247;252;263;268;273;278;283;288;299;304;309;314;319;324;335;340;345;350;355;360;371;376;381;386;391;396;407;412;417;422;427;432}, 0)>0), 0) * (INDEX('Polla - Grupos'!$D$11:$BR$432, 0, MATCH(G55, 'Polla - Grupos'!$D$8:$BR$8, 0))=1))} -> 0 | M55: =H55 + (I55 * 0.001) + (J55 * 0.000001) + (K55 * 0.000000001) + (L55 * 0.000000000001) -> 0 | O55: =COUNTIF($M$6:$M$70, ">"&M55) + COUNTIF($M$6:M55, M55) -> 50 | P55: =INDEX($G$6:$G$70, MATCH(ROW(A50), $O$6:$O$70, 0)) -> Yuli Guzman
C56: ='Polla - Grupos'!BB8 -> Luis Alfredo Plaza | D56: ='Polla - Grupos'!BB435 -> 0 | E56: =COUNTIF($D$6:$D$64, ">"&D56) + COUNTIF($D$6:D56, D56) -> 51 | G56: =INDEX($C$6:$C$64, MATCH(ROW(A51), $E$6:$E$64, 0)) -> Luis Alfredo Plaza | H56: =INDEX($D$6:$D$64, MATCH(ROW(A51), $E$6:$E$64, 0)) -> 0 | I56: {=SUMPRODUCT(IFERROR(N(MATCH(ROW('Polla - Grupos'!$D$11:$D$432), {11;16;21;26;31;36;47;52;57;62;67;72;83;88;93;98;103;108;119;124;129;134;139;144;155;160;165;170;175;180;191;196;201;206;211;216;227;232;237;242;247;252;263;268;273;278;283;288;299;304;309;314;319;324;335;340;345;350;355;360;371;376;381;386;391;396;407;412;417;422;427;432}, 0)>0), 0) * (INDEX('Polla - Grupos'!$D$11:$BR$432, 0, MATCH(G56, 'Polla - Grupos'!$D$8:$BR$8, 0))=5))} -> 0 | J56: {=SUMPRODUCT(IFERROR(N(MATCH(ROW('Polla - Grupos'!$D$11:$D$432), {11;16;21;26;31;36;47;52;57;62;67;72;83;88;93;98;103;108;119;124;129;134;139;144;155;160;165;170;175;180;191;196;201;206;211;216;227;232;237;242;247;252;263;268;273;278;283;288;299;304;309;314;319;324;335;340;345;350;355;360;371;376;381;386;391;396;407;412;417;422;427;432}, 0)>0), 0) * (INDEX('Polla - Grupos'!$D$11:$BR$432, 0, MATCH(G56, 'Polla - Grupos'!$D$8:$BR$8, 0))=3))} -> 0 | K56: {=SUMPRODUCT(IFERROR(N(MATCH(ROW('Polla - Grupos'!$D$11:$D$432), {11;16;21;26;31;36;47;52;57;62;67;72;83;88;93;98;103;108;119;124;129;134;139;144;155;160;165;170;175;180;191;196;201;206;211;216;227;232;237;242;247;252;263;268;273;278;283;288;299;304;309;314;319;324;335;340;345;350;355;360;371;376;381;386;391;396;407;412;417;422;427;432}, 0)>0), 0) * (INDEX('Polla - Grupos'!$D$11:$BR$432, 0, MATCH(G56, 'Polla - Grupos'!$D$8:$BR$8, 0))=2))} -> 0 | L56: {=SUMPRODUCT(IFERROR(N(MATCH(ROW('Polla - Grupos'!$D$11:$D$432), {11;16;21;26;31;36;47;52;57;62;67;72;83;88;93;98;103;108;119;124;129;134;139;144;155;160;165;170;175;180;191;196;201;206;211;216;227;232;237;242;247;252;263;268;273;278;283;288;299;304;309;314;319;324;335;340;345;350;355;360;371;376;381;386;391;396;407;412;417;422;427;432}, 0)>0), 0) * (INDEX('Polla - Grupos'!$D$11:$BR$432, 0, MATCH(G56, 'Polla - Grupos'!$D$8:$BR$8, 0))=1))} -> 0 | M56: =H56 + (I56 * 0.001) + (J56 * 0.000001) + (K56 * 0.000000001) + (L56 * 0.000000000001) -> 0 | O56: =COUNTIF($M$6:$M$70, ">"&M56) + COUNTIF($M$6:M56, M56) -> 51 | P56: =INDEX($G$6:$G$70, MATCH(ROW(A51), $O$6:$O$70, 0)) -> Luis Alfredo Plaza
C57: ='Polla - Grupos'!BC8 -> Naty Bermudez | D57: ='Polla - Grupos'!BC435 -> 0 | E57: =COUNTIF($D$6:$D$64, ">"&D57) + COUNTIF($D$6:D57, D57) -> 52 | G57: =INDEX($C$6:$C$64, MATCH(ROW(A52), $E$6:$E$64, 0)) -> Naty Bermudez | H57: =INDEX($D$6:$D$64, MATCH(ROW(A52), $E$6:$E$64, 0)) -> 0 | I57: {=SUMPRODUCT(IFERROR(N(MATCH(ROW('Polla - Grupos'!$D$11:$D$432), {11;16;21;26;31;36;47;52;57;62;67;72;83;88;93;98;103;108;119;124;129;134;139;144;155;160;165;170;175;180;191;196;201;206;211;216;227;232;237;242;247;252;263;268;273;278;283;288;299;304;309;314;319;324;335;340;345;350;355;360;371;376;381;386;391;396;407;412;417;422;427;432}, 0)>0), 0) * (INDEX('Polla - Grupos'!$D$11:$BR$432, 0, MATCH(G57, 'Polla - Grupos'!$D$8:$BR$8, 0))=5))} -> 0 | J57: {=SUMPRODUCT(IFERROR(N(MATCH(ROW('Polla - Grupos'!$D$11:$D$432), {11;16;21;26;31;36;47;52;57;62;67;72;83;88;93;98;103;108;119;124;129;134;139;144;155;160;165;170;175;180;191;196;201;206;211;216;227;232;237;242;247;252;263;268;273;278;283;288;299;304;309;314;319;324;335;340;345;350;355;360;371;376;381;386;391;396;407;412;417;422;427;432}, 0)>0), 0) * (INDEX('Polla - Grupos'!$D$11:$BR$432, 0, MATCH(G57, 'Polla - Grupos'!$D$8:$BR$8, 0))=3))} -> 0 | K57: {=SUMPRODUCT(IFERROR(N(MATCH(ROW('Polla - Grupos'!$D$11:$D$432), {11;16;21;26;31;36;47;52;57;62;67;72;83;88;93;98;103;108;119;124;129;134;139;144;155;160;165;170;175;180;191;196;201;206;211;216;227;232;237;242;247;252;263;268;273;278;283;288;299;304;309;314;319;324;335;340;345;350;355;360;371;376;381;386;391;396;407;412;417;422;427;432}, 0)>0), 0) * (INDEX('Polla - Grupos'!$D$11:$BR$432, 0, MATCH(G57, 'Polla - Grupos'!$D$8:$BR$8, 0))=2))} -> 0 | L57: {=SUMPRODUCT(IFERROR(N(MATCH(ROW('Polla - Grupos'!$D$11:$D$432), {11;16;21;26;31;36;47;52;57;62;67;72;83;88;93;98;103;108;119;124;129;134;139;144;155;160;165;170;175;180;191;196;201;206;211;216;227;232;237;242;247;252;263;268;273;278;283;288;299;304;309;314;319;324;335;340;345;350;355;360;371;376;381;386;391;396;407;412;417;422;427;432}, 0)>0), 0) * (INDEX('Polla - Grupos'!$D$11:$BR$432, 0, MATCH(G57, 'Polla - Grupos'!$D$8:$BR$8, 0))=1))} -> 0 | M57: =H57 + (I57 * 0.001) + (J57 * 0.000001) + (K57 * 0.000000001) + (L57 * 0.000000000001) -> 0 | O57: =COUNTIF($M$6:$M$70, ">"&M57) + COUNTIF($M$6:M57, M57) -> 52 | P57: =INDEX($G$6:$G$70, MATCH(ROW(A52), $O$6:$O$70, 0)) -> Naty Bermudez
C58: ='Polla - Grupos'!BD8 -> Edgar Ivan Giraldo Duran | D58: ='Polla - Grupos'!BD435 -> 0 | E58: =COUNTIF($D$6:$D$64, ">"&D58) + COUNTIF($D$6:D58, D58) -> 53 | G58: =INDEX($C$6:$C$64, MATCH(ROW(A53), $E$6:$E$64, 0)) -> Edgar Ivan Giraldo Duran | H58: =INDEX($D$6:$D$64, MATCH(ROW(A53), $E$6:$E$64, 0)) -> 0 | I58: {=SUMPRODUCT(IFERROR(N(MATCH(ROW('Polla - Grupos'!$D$11:$D$432), {11;16;21;26;31;36;47;52;57;62;67;72;83;88;93;98;103;108;119;124;129;134;139;144;155;160;165;170;175;180;191;196;201;206;211;216;227;232;237;242;247;252;263;268;273;278;283;288;299;304;309;314;319;324;335;340;345;350;355;360;371;376;381;386;391;396;407;412;417;422;427;432}, 0)>0), 0) * (INDEX('Polla - Grupos'!$D$11:$BR$432, 0, MATCH(G58, 'Polla - Grupos'!$D$8:$BR$8, 0))=5))} -> 0 | J58: {=SUMPRODUCT(IFERROR(N(MATCH(ROW('Polla - Grupos'!$D$11:$D$432), {11;16;21;26;31;36;47;52;57;62;67;72;83;88;93;98;103;108;119;124;129;134;139;144;155;160;165;170;175;180;191;196;201;206;211;216;227;232;237;242;247;252;263;268;273;278;283;288;299;304;309;314;319;324;335;340;345;350;355;360;371;376;381;386;391;396;407;412;417;422;427;432}, 0)>0), 0) * (INDEX('Polla - Grupos'!$D$11:$BR$432, 0, MATCH(G58, 'Polla - Grupos'!$D$8:$BR$8, 0))=3))} -> 0 | K58: {=SUMPRODUCT(IFERROR(N(MATCH(ROW('Polla - Grupos'!$D$11:$D$432), {11;16;21;26;31;36;47;52;57;62;67;72;83;88;93;98;103;108;119;124;129;134;139;144;155;160;165;170;175;180;191;196;201;206;211;216;227;232;237;242;247;252;263;268;273;278;283;288;299;304;309;314;319;324;335;340;345;350;355;360;371;376;381;386;391;396;407;412;417;422;427;432}, 0)>0), 0) * (INDEX('Polla - Grupos'!$D$11:$BR$432, 0, MATCH(G58, 'Polla - Grupos'!$D$8:$BR$8, 0))=2))} -> 0 | L58: {=SUMPRODUCT(IFERROR(N(MATCH(ROW('Polla - Grupos'!$D$11:$D$432), {11;16;21;26;31;36;47;52;57;62;67;72;83;88;93;98;103;108;119;124;129;134;139;144;155;160;165;170;175;180;191;196;201;206;211;216;227;232;237;242;247;252;263;268;273;278;283;288;299;304;309;314;319;324;335;340;345;350;355;360;371;376;381;386;391;396;407;412;417;422;427;432}, 0)>0), 0) * (INDEX('Polla - Grupos'!$D$11:$BR$432, 0, MATCH(G58, 'Polla - Grupos'!$D$8:$BR$8, 0))=1))} -> 0 | M58: =H58 + (I58 * 0.001) + (J58 * 0.000001) + (K58 * 0.000000001) + (L58 * 0.000000000001) -> 0 | O58: =COUNTIF($M$6:$M$70, ">"&M58) + COUNTIF($M$6:M58, M58) -> 53 | P58: =INDEX($G$6:$G$70, MATCH(ROW(A53), $O$6:$O$70, 0)) -> Edgar Ivan Giraldo Duran
C59: ='Polla - Grupos'!BE8 -> Caterine Filigrana | D59: ='Polla - Grupos'!BE435 -> 0 | E59: =COUNTIF($D$6:$D$64, ">"&D59) + COUNTIF($D$6:D59, D59) -> 54 | G59: =INDEX($C$6:$C$64, MATCH(ROW(A54), $E$6:$E$64, 0)) -> Caterine Filigrana | H59: =INDEX($D$6:$D$64, MATCH(ROW(A54), $E$6:$E$64, 0)) -> 0 | I59: {=SUMPRODUCT(IFERROR(N(MATCH(ROW('Polla - Grupos'!$D$11:$D$432), {11;16;21;26;31;36;47;52;57;62;67;72;83;88;93;98;103;108;119;124;129;134;139;144;155;160;165;170;175;180;191;196;201;206;211;216;227;232;237;242;247;252;263;268;273;278;283;288;299;304;309;314;319;324;335;340;345;350;355;360;371;376;381;386;391;396;407;412;417;422;427;432}, 0)>0), 0) * (INDEX('Polla - Grupos'!$D$11:$BR$432, 0, MATCH(G59, 'Polla - Grupos'!$D$8:$BR$8, 0))=5))} -> 0 | J59: {=SUMPRODUCT(IFERROR(N(MATCH(ROW('Polla - Grupos'!$D$11:$D$432), {11;16;21;26;31;36;47;52;57;62;67;72;83;88;93;98;103;108;119;124;129;134;139;144;155;160;165;170;175;180;191;196;201;206;211;216;227;232;237;242;247;252;263;268;273;278;283;288;299;304;309;314;319;324;335;340;345;350;355;360;371;376;381;386;391;396;407;412;417;422;427;432}, 0)>0), 0) * (INDEX('Polla - Grupos'!$D$11:$BR$432, 0, MATCH(G59, 'Polla - Grupos'!$D$8:$BR$8, 0))=3))} -> 0 | K59: {=SUMPRODUCT(IFERROR(N(MATCH(ROW('Polla - Grupos'!$D$11:$D$432), {11;16;21;26;31;36;47;52;57;62;67;72;83;88;93;98;103;108;119;124;129;134;139;144;155;160;165;170;175;180;191;196;201;206;211;216;227;232;237;242;247;252;263;268;273;278;283;288;299;304;309;314;319;324;335;340;345;350;355;360;371;376;381;386;391;396;407;412;417;422;427;432}, 0)>0), 0) * (INDEX('Polla - Grupos'!$D$11:$BR$432, 0, MATCH(G59, 'Polla - Grupos'!$D$8:$BR$8, 0))=2))} -> 0 | L59: {=SUMPRODUCT(IFERROR(N(MATCH(ROW('Polla - Grupos'!$D$11:$D$432), {11;16;21;26;31;36;47;52;57;62;67;72;83;88;93;98;103;108;119;124;129;134;139;144;155;160;165;170;175;180;191;196;201;206;211;216;227;232;237;242;247;252;263;268;273;278;283;288;299;304;309;314;319;324;335;340;345;350;355;360;371;376;381;386;391;396;407;412;417;422;427;432}, 0)>0), 0) * (INDEX('Polla - Grupos'!$D$11:$BR$432, 0, MATCH(G59, 'Polla - Grupos'!$D$8:$BR$8, 0))=1))} -> 0 | M59: =H59 + (I59 * 0.001) + (J59 * 0.000001) + (K59 * 0.000000001) + (L59 * 0.000000000001) -> 0 | O59: =COUNTIF($M$6:$M$70, ">"&M59) + COUNTIF($M$6:M59, M59) -> 54 | P59: =INDEX($G$6:$G$70, MATCH(ROW(A54), $O$6:$O$70, 0)) -> Caterine Filigrana
